iso3,iso2,country,continent,Group,min_senti_bert,drop_senti_bert,shock,shock_se,precovid_sd,shock_standard,shock_se_standard,mobility_shock,mobility_shock_se,shock_quan25,shock_quan25_se,shock_quan75,shock_quan75_se,averageN,GDP_per_capita,unemployment,Population_Density,population,polity2_index,urban_rate,GHSI,HAQI,SDI,risk_preference,altruism,trust,Individuals_using_the_Internet,lockdown_loose,lockdown_strict,government_efficiency,tightness_2
AGO,AO,Angola,Africa,Emerging and Developing Economies,3/23/2020,3/11/2020,-2.156,0.11,3.265904994,-0.660153925,0.033681323,#N/A,#N/A,-1.979,1.079,-1.247,0.461,845.4671053,3432.385736,6.93,24.71305206,31825295,-2,66.177,25.2,40.7,0.460535938,#N/A,#N/A,#N/A,14.33907936,0,0,-1.052086,#N/A
ARE,AE,United Arab Emirates,Asia,Emerging and Developing Economies,3/15/2020,3/7/2020,-0.849,0.361,1.237410228,-0.686110379,0.291738335,-19.33,1.794,-1.333,0.0836,-2.94,0.0257,630.9671053,43004.95336,2.28,135.6091101,9770529,-8,86.789,46.7,72.2,0.794722025,0.08652,0.15418,0.50711,94.81992254,0,0,1.431291,#N/A
ARG,AR,Argentina,South America,Emerging and Developing Economies,3/15/2020,3/10/2020,-2.045,0.162,2.324539109,-0.879744287,0.069691234,-62.71,2.099,-2.782,0.346,-0.424,0.165,14840.57237,11683.94962,9.84,16.2585101,44938712,8,91.991,58.6,68.4,0.710150584,0.0415,0.02735,-0.20673,74.29490687,1,0,0.0259878,-0.531806346
AUS,AU,Australia,Oceania,Advanced Economies,3/15/2020,3/1/2020,-3.394,0.182,1.026010038,-3.30795984,0.177386179,-24.69,3.438,-3.018,0.405,-2.169,0.047,817.0131579,57395.91947,5.16,3.24787091,25364307,10,86.124,75.5,89.8,0.873188291,0.13714,0.15533,0.29897,86.54504885,1,0,1.596495,-0.053445728
AUT,AT,Austria,Europe,Advanced Economies,3/13/2020,3/8/2020,-2.144,0.561,2.314954103,-0.926152271,0.242337418,-43.5,4.184,-2.392,0.157,-1.625,0.0432,3574.973684,51499.88536,4.49,107.1279669,8877067,10,58.515,58.5,88.2,0.866029424,-0.06183,-0.03536,0.15463,87.93558659,1,1,1.453342,0.210177967
AZE,AZ,Azerbaijan,Europe,Emerging and Developing Economies,3/31/2020,3/9/2020,-2.979,0.235,3.468375492,-0.858903544,0.067755063,#N/A,#N/A,-1.196,0.419,-16.15,2.393,1120.769737,4722.381679,4.84,120.234668,10023318,-7,56.031,34.2,64.5,0.701169598,#N/A,#N/A,#N/A,79,0,0,-0.1004674,#N/A
BEL,BE,Belgium,Europe,Advanced Economies,3/13/2020,2/26/2020,-2.206,0.401,1.214492058,-1.816397221,0.330179187,#N/A,#N/A,-1.967,1.243,-0.774,0.736,2331.815789,47472.13673,5.36,377.5844122,11484055,8,98.041,61,87.9,0.886479194,#N/A,#N/A,#N/A,87.67968082,1,0,1.171748,-0.09
BGD,BD,Bangladesh,Asia,Emerging and Developing Economies,3/22/2020,3/11/2020,-1.399,0.749,2.18318999,-0.64080543,0.343075959,#N/A,#N/A,-2.842,0.237,-1.152,0.106,79606.00658,1698.262802,4.22,1239.579312,163046161,5,37.405,35,51.7,0.457988721,-0.19807,0.90646,-0.17337,15,1,0,-0.7483993,#N/A
BGR,BG,Bulgaria,Europe,Emerging and Developing Economies,3/13/2020,3/7/2020,-2.187,0.386,3.821911087,-0.572226813,0.100996593,-7.201,0.376,-1.269,0.124,-1.249,0.0979,59793.21053,9271.545633,4.23,64.71109985,6975761,9,75.347,45.6,71.4,0.79173721,#N/A,#N/A,#N/A,63.41010138,0,0,0.2718757,#N/A
BHR,BH,Bahrain,Asia,Emerging and Developing Economies,3/12/2020,3/6/2020,-0.12,0.0315,0.918410046,-0.130660592,0.034298405,#N/A,#N/A,-4.817,1.146,-3.414,0.865,1755.592105,24050.75751,1.56,2017.2737,1641172,-10,89.394,39.4,79,0.712258604,#N/A,#N/A,#N/A,95.87813575,1,0,0.1798774,#N/A
BIH,BA,Bosnia and Herzegovina,Europe,Emerging and Developing Economies,3/21/2020,3/8/2020,-1.772,0.266,1.529539756,-1.158518432,0.173908523,#N/A,#N/A,-1.602,0.689,-0.985,0.351,2400.453947,6065.672708,15.69,64.92048828,3301000,0,48.626,42.8,78.2,0.712609905,-0.12564,-0.11531,-0.19311,64.89197728,1,0,-0.6185398,-0.431134579
BLR,BY,Belarus,Europe,Emerging and Developing Economies,3/17/2020,3/10/2020,-2.557,0.0807,2.123765832,-1.203993379,0.03799854,#N/A,#N/A,-1.951,0.86,-0.733,0.37,3712.230263,6330.075246,4.71,46.71950379,9466856,-7,79.044,35.3,74.4,0.772665439,#N/A,#N/A,#N/A,74.43644541,0,0,-0.3010303,#N/A
BOL,BO,Bolivia,South America,Emerging and Developing Economies,3/14/2020,3/10/2020,-1.867,0.132,3.499257224,-0.533541801,0.037722291,#N/A,#N/A,-3.041,1.082,-0.858,0.237,20414.46053,3548.59014,3.46,10.48014585,11513100,7,69.773,35.8,59.2,0.587409304,0.10304,-0.00519,-0.16033,43.83227607,1,0,-0.3220994,#N/A
BRA,BR,Brazil,South America,Emerging and Developing Economies,3/15/2020,3/11/2020,-0.453,0.113,1.121957868,-0.403758477,0.100716794,#N/A,#N/A,-1.861,0.484,-0.776,0.223,4174.210526,9001.234249,11.93,25.06171624,211049527,8,86.824,59.7,64.9,0.663312473,-0.2506,0.46436,-0.00269,67.47128452,0,0,-0.4474374,-0.376231695
BRB,BB,Barbados,North America,Emerging and Developing Economies,3/31/2020,3/10/2020,-1.126,0.0818,4.95414347,-0.227284496,0.016511431,-74.21,9.895,-0.845,0.345,#N/A,#N/A,686.8552632,17949.28151,10.1,666.6069767,287025,#N/A,31.158,31.9,66.8,0.739423177,#N/A,#N/A,#N/A,81.76077839,1,0,0.4269727,#N/A
BWA,BW,Botswana,Africa,Emerging and Developing Economies,3/25/2020,3/14/2020,-0.0144,0.0262,2.045962739,-0.007038251,0.012805707,-2.533,0.909,-4.308,0.542,-1.853,0.335,1987.302632,8258.641666,17.21,3.977424876,2303697,8,70.172,31.1,51.1,0.663238118,0.69738,-0.14206,-0.33846,47,0,0,0.3334411,0.86045016
CAN,CA,Canada,North America,Advanced Economies,3/15/2020,3/8/2020,-1.544,0.249,1.269844969,-1.215896458,0.196086929,-41.29,1.879,-4.828,0.329,-2.286,0.0729,1116.348684,46234.35075,5.66,4.075188239,37589262,10,81.482,75.3,87.6,0.882086227,0.18355,0.22934,0.24528,91,0,0,1.716108,-0.135152584
CHE,CH,Switzerland,Europe,Advanced Economies,3/15/2020,2/23/2020,-3.052,0.467,3.429876868,-0.889827862,0.136156491,-54.6,4.853,-2.848,0.3,-1.991,0.174,144943.0197,82828.79737,4.39,215.437463,8574832,10,73.849,67,91.8,0.888752501,-0.01934,0.09471,0.08828,89.68614767,1,1,2.039621,#N/A
CHL,CL,Chile,South America,Emerging and Developing Economies,3/18/2020,3/11/2020,-2.095,0.156,1.725007014,-1.214487816,0.090434415,-29.42,4.521,-4.249,0.261,-1.989,0.119,48681.90132,15923.35874,7.29,25.18944607,18952038,10,87.643,58.3,76,0.748081344,0.12537,-0.10584,-0.08321,82.32748693,1,0,1.084034,-0.339407811
CHN,CN,China,Asia,Emerging and Developing Economies,1/29/2020,1/20/2020,-3.926,0.281,2.393942986,-1.639972223,0.117379571,#N/A,#N/A,-2.451,0.669,-1.109,0.271,1619.625,9770.847088,4.6,148.3488333,1397715000,-7,60.308,48.2,74.2,0.707319288,-0.01981,0.50483,0.55281,54.3,1,0,0.4771284,0.186152449
CIV,CI,"Cote d'Ivoire, Republic of",Africa,Emerging and Developing Economies,3/15/2020,3/10/2020,-0.335,0.101,1.944527959,-0.172278315,0.051940626,#N/A,#N/A,-3.172,0.205,-1.873,0.256,5885.822368,1715.531332,3.17,78.83405346,25716544,#N/A,51.239,#N/A,42.4,#N/A,#N/A,#N/A,#N/A,43.83992085,1,0,-0.5705186,#N/A
CMR,CM,Cameroon,Africa,Emerging and Developing Economies,3/20/2020,3/11/2020,-2.093,0.322,1.882023393,-1.112100949,0.171092454,-23.55,5.126,-5.624,0.752,-1.574,0.275,8684.940789,1533.74214,3.32,53.34398891,25876380,-4,56.968,34.4,44.4,0.482039386,-0.53506,0.14826,-0.53092,23.20297197,1,1,-0.7996525,#N/A
COD,CD,Democratic Republic of the Congo,Africa,Emerging and Developing Economies,3/21/2020,3/9/2020,-2.77,0.173,3.640609534,-0.760861601,0.047519515,#N/A,#N/A,-8.979,1.631,-3.863,0.359,706.2828947,561.7771824,4.13,37.08259236,86790567,#N/A,45.046,26.5,40.4,0.364453165,#N/A,#N/A,#N/A,8.619904916,0,0,-1.554787,#N/A
COL,CO,Colombia,South America,Emerging and Developing Economies,3/15/2020,3/8/2020,-2.834,0.146,1.341659852,-2.112308866,0.108820429,-40.36,2.451,-3.76,0.84,-0.997,0.529,2763.368421,6667.7907,9.96,44.74870212,50339443,7,81.104,44.2,67.8,0.633692252,-0.04517,0.09587,0.00555,62.25988032,1,0,-0.0852262,-0.583601985
CRI,CR,Costa Rica,North America,Emerging and Developing Economies,3/12/2020,3/5/2020,-0.79,0.668,2.056907298,-0.384071757,0.32475941,#N/A,#N/A,-0.578,0.473,-0.0945,0.144,80597.75658,12027.36588,11.49,97.91306306,5047561,10,80.076,45.1,72.9,0.662129526,0.00167,0.41821,-0.1491,71.3907709,1,1,0.3781868,#N/A
CUB,CU,Cuba,North America,#N/A,3/20/2020,3/9/2020,-2.94,0.114,3.847607389,-0.764111226,0.029628803,#N/A,#N/A,-4.323,0.719,-0.619,0.136,216287.6513,8821.818891,1.67,108.9995962,11333483,-7,77.109,35.2,73.5,0.687667664,#N/A,#N/A,#N/A,57.14840432,0,0,-0.2448378,#N/A
CYP,CY,Cyprus,Europe,Advanced Economies,3/12/2020,3/8/2020,-2.078,0.164,2.693007548,-0.771627989,0.060898455,#N/A,#N/A,-0.878,1.136,-0.701,0.233,3690.598684,28689.69858,7.07,128.7083333,1198575,10,66.805,43,85.3,0.86457342,#N/A,#N/A,#N/A,80.74318897,1,1,0.9209022,#N/A
CZE,CZ,Czech Republic,Europe,Advanced Economies,3/13/2020,3/7/2020,-1.23,0.408,2.743835339,-0.448277629,0.14869697,#N/A,#N/A,-4.413,0.51,-1.075,0.352,8744.703947,23069.38325,2.01,137.6577053,10669709,8,73.921,52,84.8,0.850980459,-0.02046,-0.93962,-0.45068,78.71916143,1,0,0.9222081,-0.462699395
DEU,DE,Germany,Europe,Advanced Economies,3/14/2020,2/25/2020,-2.107,0.206,1.835790291,-1.147734581,0.112213253,-31.04,2.778,-1.681,0.996,-1.52,0.581,2310.453947,47615.74003,3.14,237.3075967,83132799,10,77.376,66,86.4,0.869902009,-0.04449,-0.051,-0.11882,84.39550077,0,0,1.619633,0.12889995
DNK,DK,Denmark,Europe,Advanced Economies,3/13/2020,3/4/2020,-1.431,0.622,2.155815836,-0.663785828,0.288521862,#N/A,#N/A,-10.86,0.204,-2.224,0.152,655.1973684,61390.69301,5.02,137.9765658,5818553,10,87.994,70.4,85.7,0.917864091,#N/A,#N/A,#N/A,97.09936216,1,0,1.871631,#N/A
DOM,DO,Dominican Republic,North America,Emerging and Developing Economies,3/20/2020,3/8/2020,-3.103,0.43,2.804799201,-1.106318056,0.153308658,#N/A,#N/A,-3.823,1.58,-1.007,0.626,1734.940789,8050.631602,6.36,219.9785759,10738958,8,81.828,38.3,62.5,0.592640504,#N/A,#N/A,#N/A,67.57123468,0,0,-0.4002573,#N/A
DZA,DZ,Algeria,Africa,Emerging and Developing Economies,3/20/2020,3/9/2020,-2.156,0.94,6.382405528,-0.337803668,0.147279892,#N/A,#N/A,-1.144,0.205,-2.16,0.0698,745.0789474,4114.715061,11.81,17.73007507,43053054,2,73.189,23.6,63.7,0.695849021,0.39153,-0.00997,-0.17737,47.69105515,1,1,-0.4439246,0.694447099
ECU,EC,Ecuador,South America,Emerging and Developing Economies,3/17/2020,3/8/2020,-3.555,0.377,2.768343889,-1.284161269,0.136182503,-68.81,3.085,-3.568,0.69,-1.339,0.175,3068.394737,6344.871979,3.81,68.78868175,17373662,5,63.986,50.1,61.2,0.635566909,#N/A,#N/A,#N/A,57.27224368,0,0,-0.2613976,-0.177708163
EGY,EG,Egypt,Africa,Emerging and Developing Economies,3/14/2020,3/7/2020,-1.074,0.191,1.234340028,-0.870100601,0.154738561,#N/A,#N/A,-1.129,0.189,-0.247,0.248,6343.973684,2549.132252,9.73,98.87346929,100388073,0,42.73,39.9,61,0.604307711,-0.2809,0.63415,0.60902,44.95020425,0,0,-0.5848041,#N/A
ESP,ES,Spain,Europe,Advanced Economies,3/13/2020,3/8/2020,-2.919,0.141,0.997323271,-2.926834342,0.141378432,-60.54,1.596,-1.62,0.921,-0.519,0.212,17878.04605,30323.65106,14.1,93.67476732,47076781,10,80.565,65.9,89.6,0.824616837,-0.1584,-0.12915,0.24104,84.6022428,1,0,1.002136,-0.298585036
FIN,FI,Finland,Europe,Advanced Economies,3/14/2020,3/8/2020,-1.371,0.434,1.737938198,-0.788865796,0.249721193,#N/A,#N/A,-6.106,0.37,-1.764,0.195,33028.875,50175.29982,6.7,18.14854727,5520314,10,85.446,68.7,89.6,0.892872363,-0.28276,-0.2501,0.09991,87.46892907,1,1,1.984208,-0.283406106
FRA,FR,France,Europe,Advanced Economies,3/14/2020,3/8/2020,-1.567,0.204,1.657394722,-0.94545975,0.123084741,#N/A,#N/A,-0.327,1.157,-1.025,0.499,2395.203947,41469.91955,8.44,122.3198826,67059887,9,80.709,68.2,87.9,0.864667258,-0.0301,-0.17471,-0.16548,80.50245972,1,0,1.480526,-0.02
GBR,GB,United Kingdom,Europe,Advanced Economies,3/15/2020,3/2/2020,-2.527,0.0918,1.073615348,-2.353729391,0.085505484,#N/A,#N/A,-2.435,0.322,-1.971,0.14,104898.3026,42962.41277,3.74,274.7089819,66834405,10,83.652,77.9,84.6,0.843093074,0.04868,0.02845,0.2347,94.62,1,1,1.341884,-0.206607219
GHA,GH,Ghana,Africa,Emerging and Developing Economies,3/15/2020,3/10/2020,-2.883,0.185,1.705130602,-1.690779578,0.108496088,#N/A,#N/A,-4.751,0.607,-1.567,0.826,748.9144737,2202.312164,4.12,130.8214292,30417856,8,56.707,35.5,49.7,0.536972566,0.61845,0.11105,-0.19802,39,0,0,-0.2102704,1.242676502
GRC,GR,Greece,Europe,Advanced Economies,3/28/2020,3/5/2020,-0.407,0.795,2.722000981,-0.149522356,0.292064553,#N/A,#N/A,-7.238,0.61,-3.119,0.292,13280.82237,20316.56833,17.31,83.25621412,10716322,10,79.388,53.8,87,0.816993531,-0.15707,-0.17282,-0.35151,70.54943345,1,0,0.3382609,-0.278680907
GTM,GT,Guatemala,North America,Emerging and Developing Economies,3/16/2020,3/9/2020,-2.178,0.0873,3.137093413,-0.694273238,0.027828307,#N/A,#N/A,-1.691,0.0461,-0.292,0.048,4846.914474,4549.010081,2.36,160.9537794,16604026,8,51.439,32.7,55.7,0.524214498,-0.21859,-0.134,-0.36296,65,1,1,-0.6820061,#N/A
HND,HN,Honduras,North America,Emerging and Developing Economies,3/15/2020,3/10/2020,-1.913,0.114,3.415167939,-0.560148149,0.033380496,#N/A,#N/A,-2.004,0.281,-1.38,0.274,75325.13816,2505.776752,5.57,85.68703191,9746117,7,57.73,27.6,53.9,0.512339813,#N/A,#N/A,#N/A,31.7,0,0,-0.6206585,#N/A
HUN,HU,Hungary,Europe,Emerging and Developing Economies,3/9/2020,3/7/2020,-1.71,0.556,3.996079143,-0.427919453,0.139136383,-4.506,0.744,-1.599,0.345,-0.454,0.178,17383.99342,16150.77276,3.42,107.9814868,9769949,10,71.644,54,79.6,0.816804322,-0.49846,-0.59088,0.53217,76.75054712,1,0,0.4873109,-0.603726491
IDN,ID,Indonesia,Asia,Emerging and Developing Economies,3/17/2020,3/11/2020,-0.444,0.245,1.909943694,-0.232467586,0.128276033,-23.33,3.791,-1.46,0.106,-1.772,0.0573,2307.348684,3893.596078,3.62,147.7521901,270625568,8,55.985,56.6,49.2,0.647611359,-0.32164,0.10293,0.2636,32.2924419,1,0,0.1798754,0.502248457
IND,IN,India,Asia,Emerging and Developing Economies,3/26/2020,3/10/2020,-1.897,0.118,1.89716887,-0.999910989,0.062197942,-80.73,4.187,-2.404,0.609,-1.411,0.203,3165.927632,2009.978857,5.27,454.9380726,1366417754,9,34.472,46.5,44.8,0.550242018,-0.27525,-0.26762,-0.20398,34.45,0,0,0.2830485,0.731557362
IRL,IE,Ireland,Europe,Advanced Economies,3/12/2020,2/25/2020,-1.201,0.185,2.379487501,-0.504730535,0.077747834,#N/A,#N/A,-0.822,1.142,-1.424,0.285,2247.5,78582.9481,4.95,70.65334591,4941444,10,63.405,59,88.4,0.882181159,#N/A,#N/A,#N/A,84.11400706,0,0,1.420338,-0.182475794
IRN,IR,Iran,Asia,Emerging and Developing Economies,2/21/2020,2/18/2020,-0.737,0.187,3.156655734,-0.233474937,0.05923991,#N/A,#N/A,-0.33,0.129,-0.308,0.079,40895.88816,,11.14,50.22242012,82913906,#N/A,75.391,37.7,71.1,0.700086759,0.33788,0.5905,0.30047,64.04397362,0,0,-0.4302173,0.37609029
IRQ,IQ,Iraq,Asia,Emerging and Developing Economies,2/27/2020,2/19/2020,-0.898,0.117,1.809436506,-0.496287102,0.064661014,#N/A,#N/A,-4.125,0.812,-1.084,0.409,2961.967105,5834.166211,12.76,88.53057004,39309783,3,70.678,25.8,60.1,0.584823813,0.16579,-0.23216,0.28962,49.35999889,1,0,-1.320548,#N/A
ISL,IS,Iceland,Europe,Advanced Economies,4/4/2020,2/26/2020,-5.688,0.919,3.852454471,-1.476461316,0.238549218,#N/A,#N/A,-5.184,0.828,-2.042,0.364,4273.559211,73368.11746,3.51,3.518413965,361313,#N/A,93.855,46.3,93.6,0.907023083,#N/A,#N/A,#N/A,98.26,0,0,1.465655,0.040180138
ISR,IL,Israel,Asia,Advanced Economies,3/17/2020,3/3/2020,-0.839,0.0443,1.301020008,-0.64487863,0.034050207,#N/A,#N/A,-6.179,2.04,-2.358,0.773,1393.980263,41719.72544,3.8,410.4805915,9053300,10,92.501,47.3,85.5,0.81594436,0.24376,-0.32634,-0.05366,81.58118359,1,0,1.208207,-0.399564115
ITA,IT,Italy,Europe,Advanced Economies,3/10/2020,2/20/2020,-3.145,0.234,1.716111645,-1.832631349,0.136354765,-52.76,1.796,-3.714,0.537,-1.405,0.412,8369.210526,34488.63885,9.95,205.4183722,60297396,10,70.736,56.2,88.7,0.843401161,-0.09365,0.34591,-0.07473,63.077347,1,0,0.4138835,-0.060344423
JAM,JM,Jamaica,North America,Emerging and Developing Economies,3/13/2020,3/9/2020,-1.069,0.107,4.035437892,-0.264903098,0.02651509,#N/A,#N/A,-2.512,0.498,-1.336,0.266,6103.953947,5354.236859,7.72,270.9930748,2948279,9,55.985,29,63.7,0.678532504,#N/A,#N/A,#N/A,55.07206705,0,0,0.4967112,#N/A
JOR,JO,Jordan,Asia,Emerging and Developing Economies,3/12/2020,3/9/2020,-0.648,0.484,2.293639239,-0.282520454,0.211018364,#N/A,#N/A,-1.549,0.278,-1.986,0.248,723.8881579,4241.788782,16.85,112.1424983,10101694,-3,91.203,42.1,76.5,0.696845045,-0.1248,0.15912,0.3898,66.79031443,0,0,0.112718,#N/A
JPN,JP,Japan,Asia,Advanced Economies,3/29/2020,2/23/2020,-2.006,0.351,1.261095371,-1.590680646,0.278329465,-21.07,1.122,-0.586,0.176,-0.802,0.102,678970.4803,39289.95843,2.4,347.0734584,126264931,10,91.698,59.8,89,0.865093512,-0.35584,-0.24104,-0.51873,84.58806583,0,0,1.675817,0.190571687
KAZ,KZ,Kazakhstan,Asia,Emerging and Developing Economies,3/18/2020,3/11/2020,-4.321,1.095,4.751462687,-0.909404174,0.230455351,#N/A,#N/A,-2.709,0.975,-1.012,0.458,1137.092105,9814.786258,4.8,6.768318702,18513930,-6,57.54,40.7,61.1,0.735474229,0.24511,0.17297,0.15294,76.42674823,1,0,0.0217204,0.16748056
KEN,KE,Kenya,Africa,Emerging and Developing Economies,3/25/2020,3/10/2020,-2.405,0.341,2.236720588,-1.075234883,0.152455341,#N/A,#N/A,-1.704,0.315,-1.001,0.124,33163.67763,1710.510097,2.6,90.29941666,52573973,8,27.507,47.1,48.7,0.499471993,0.2439,-0.31699,-0.4223,17.82710021,1,0,-0.4108523,0.529029156
KHM,KH,Cambodia,Asia,Emerging and Developing Economies,3/18/2020,3/11/2020,-3.451,0.353,3.680194625,-0.937722146,0.09591884,#N/A,#N/A,-3.06,0.164,-1.647,0.0298,5004.940789,1510.324871,0.13,92.05641287,16486542,2,23.805,39.2,50.7,0.481619391,-0.40464,-0.21616,-0.07914,32.44694856,1,0,-0.568605,#N/A
KOR,KR,Korea,Asia,Advanced Economies,3/15/2020,2/18/2020,-0.749,0.305,2.08809396,-0.358700334,0.146066224,#N/A,#N/A,-2.07,1.211,-1.389,0.23,3970.703947,31380.14645,3.75,529.3585013,51709098,#N/A,81.43,70.2,85.8,0.871955704,#N/A,#N/A,#N/A,95.06942188,1,0,1.182665,0.189389237
KWT,KW,Kuwait,Asia,Emerging and Developing Economies,2/26/2020,2/24/2020,-1.82,1.575,1.390254241,-1.309113072,1.132886312,#N/A,#N/A,-0.803,0.057,-0.0615,0.222,2050.934211,33994.40657,2.41,232.1722222,4207083,-7,100,46.1,82,0.785593198,#N/A,#N/A,#N/A,100,0,0,-0.0878059,#N/A
LBN,LB,Lebanon,Asia,Emerging and Developing Economies,3/13/2020,3/5/2020,-0.761,0.0896,1.569835945,-0.484764031,0.057076028,#N/A,#N/A,-3.407,0.524,-1.943,0.167,17725.67105,8269.787676,6.04,669.4941349,6855713,7,88.758,43.1,80,0.729621127,#N/A,#N/A,#N/A,78.18077489,1,0,-0.6402023,#N/A
LBY,LY,Libya,Africa,Emerging and Developing Economies,3/21/2020,3/10/2020,-0.751,0.02,1.567579281,-0.479082627,0.012758525,#N/A,#N/A,-3.253,0.0889,-1.391,0.0516,9049.598684,7241.704481,18.34,3.795632381,6777452,0,80.393,25.7,69.9,0.760934217,#N/A,#N/A,#N/A,21.75892062,1,0,-1.847037,#N/A
LCA,LC,Saint Lucia,North America,Emerging and Developing Economies,3/31/2020,3/9/2020,-2.132,0.0336,3.607406681,-0.591006279,0.00931417,#N/A,#N/A,-0.53,0.534,-0.0606,0.126,1042.388158,10566.04975,15.59,298.1786885,182790,#N/A,18.754,#N/A,62.5,0.652614198,#N/A,#N/A,#N/A,50.81524478,0,0,0.1956703,#N/A
LKA,LK,Sri Lanka,Asia,Emerging and Developing Economies,3/15/2020,3/9/2020,-3.748,0.0723,2.516467924,-1.489389141,0.028730746,#N/A,#N/A,0.465,0.0318,-0.487,0.028,3500.532895,4102.48135,4.27,345.558922,21803000,4,18.585,33.9,72.8,0.679706328,0.06271,0.5116,-0.2722,34.1133479,0,0,-0.2353793,0.647660832
LSO,LS,Lesotho,Africa,Emerging and Developing Economies,3/13/2020,3/9/2020,-4.941,0.125,2.223462713,-2.222209517,0.056218618,#N/A,#N/A,-5.931,0.296,-2.018,0.134,25690.21711,1299.153126,23.86,69.43781291,2125268,8,28.585,30.2,35.7,0.493356884,#N/A,#N/A,#N/A,29,0,0,-0.8609057,#N/A
LVA,LV,Latvia,Europe,Advanced Economies,3/15/2020,3/7/2020,-1.366,0.691,2.813313022,-0.485548529,0.245617887,#N/A,#N/A,0.491,0.708,-1.218,0.137,7995.717105,17854.75996,6.31,30.99347057,1912789,8,68.222,62.9,77.7,0.825131484,#N/A,#N/A,#N/A,80.114077,1,0,1.043452,-0.039066119
MAR,MA,Morocco,Africa,Emerging and Developing Economies,3/15/2020,3/9/2020,-3.13,1.027,3.786689934,-0.826579428,0.271213122,#N/A,#N/A,-0.507,0.0845,-0.368,0.0161,6421.203947,3222.200634,9.01,80.72851893,36471769,-4,62.994,43.7,61.3,0.579231309,-0.06896,0.55904,-0.09031,61.76221201,1,1,-0.2092959,#N/A
MEX,MX,Mexico,North America,Emerging and Developing Economies,3/16/2020,3/10/2020,-1.591,0.0992,2.102826638,-0.75660065,0.047174597,-11.68,2.177,-4.211,0.613,-1.619,0.154,13214.84868,9673.443674,3.48,64.91462641,127575529,8,80.444,57.6,62.6,0.628360997,-0.13892,-0.81309,-0.35707,63.85224909,1,1,-0.153388,-0.347769818
MKD,MK,Macedonia,Europe,Emerging and Developing Economies,3/12/2020,3/8/2020,-1.825,0.133,3.934565842,-0.463837708,0.033802967,#N/A,#N/A,0.118,0.241,-0.679,0.115,147518.3947,6083.718948,17.26,82.59151467,2083459,9,58.208,#N/A,76,0.75436361,#N/A,#N/A,#N/A,74.51682418,1,1,0,#N/A
MMR,MM,Myanmar,Asia,Emerging and Developing Economies,3/15/2020,3/11/2020,-6.819,0.823,4.170673567,-1.634987704,0.197330236,#N/A,#N/A,-5.254,0.15,-2.211,0.117,1555.065789,1325.952924,0.5,82.23861548,54045420,-3,30.852,43.4,48.4,0.555817824,#N/A,#N/A,#N/A,30.67818311,0,0,-1.068652,#N/A
MNE,ME,Montenegro,Europe,Emerging and Developing Economies,3/8/2020,2/23/2020,-2.328,0.18,3.652199361,-0.63742413,0.049285371,#N/A,#N/A,-10.88,1.774,-2.899,0.351,577.8355263,8845.914219,15.12,46.26223048,622137,9,67.15,43.7,80.7,0.788188778,#N/A,#N/A,#N/A,71.27233254,0,0,0.1311615,#N/A
MNG,MN,Mongolia,Asia,Emerging and Developing Economies,1/29/2020,1/21/2020,-0.595,0.134,1.908918142,-0.311694874,0.070196829,#N/A,#N/A,-6.418,1.057,-2.149,0.683,3556.368421,4121.732435,5.31,2.040608667,3225167,10,68.543,49.5,58.5,0.661854015,#N/A,#N/A,#N/A,23.71426517,1,1,-0.2333477,#N/A
MOZ,MZ,Mozambique,Africa,Emerging and Developing Economies,3/14/2020,3/9/2020,-0.584,0.0788,3.181649224,-0.183552604,0.024767029,#N/A,#N/A,-7.529,0.419,-2.507,0.173,6857.592105,498.9572202,3.19,37.50853531,30366036,5,36.528,28.1,43,0.340470577,#N/A,#N/A,#N/A,10,1,0,-0.8742813,0.531379852
MWI,MW,Malawi,Africa,Emerging and Developing Economies,3/14/2020,3/11/2020,-1.58,0.0691,2.372917015,-0.665847137,0.029120277,#N/A,#N/A,-6.764,0.173,-1.844,0.0639,2229.493421,389.3980332,5.56,192.4407616,18628747,6,17.174,28,47,0.349345085,0.47504,-0.08847,-0.47344,13.78216439,1,1,-0.7286705,#N/A
MYS,MY,Malaysia,Asia,Emerging and Developing Economies,3/18/2020,3/11/2020,-1.079,0.0854,0.922640059,-1.169470141,0.092560473,-57.55,2.112,-3.222,0.241,-1.161,0.119,1498.519737,11373.233,3.31,95.96282149,31949777,6,76.607,62.2,66.6,0.759248836,#N/A,#N/A,#N/A,80.14047901,1,0,1.075348,0.222572209
NAM,NA,Namibia,Africa,Emerging and Developing Economies,3/15/2020,3/9/2020,-1.962,0.0545,1.991910361,-0.984984083,0.027360669,#N/A,#N/A,-2.383,0.335,-1.274,0.137,59501.875,5931.453886,19.75,2.973745582,2494530,6,51.042,35.6,53.7,0.615792035,#N/A,#N/A,#N/A,51,1,0,0.106442,#N/A
NGA,NG,Nigeria,Africa,Emerging and Developing Economies,3/21/2020,3/15/2020,-1.523,0.193,1.759493159,-0.86559018,0.109690679,-18.12,3.935,-1.34,0.163,-0.478,0.103,7028.164474,2028.18197,8.53,215.064989,200963599,4,51.157,37.8,51.3,0.49339389,0.38598,-0.14436,-0.0578,42,1,0,-1.022591,0.543000249
NIC,NI,Nicaragua,North America,Emerging and Developing Economies,3/21/2020,3/9/2020,-1.165,0.0801,3.004676619,-0.387728913,0.026658443,-20.73,0.158,-5.156,0.401,-2.247,0.183,922.6578947,2020.547028,5.14,53.72704836,6545502,9,58.76,43.1,64.3,0.529616174,-0.54723,-0.17819,0.02299,27.86304001,1,0,-0.8024699,#N/A
NLD,NL,Netherlands,Europe,Advanced Economies,3/13/2020,3/7/2020,-1.585,0.453,2.556852997,-0.61990267,0.177170921,-40.95,2.85,-1.044,0.386,-0.0432,0.0571,1893.401316,53022.19139,3.38,511.4759276,17332850,10,91.876,75.6,89.5,0.911855053,0.18933,-0.19006,0.29806,93.19727891,0,0,1.850466,-0.544559055
NOR,NO,Norway,Europe,Advanced Economies,3/13/2020,3/8/2020,-1.292,0.601,3.144026244,-0.410938046,0.191156165,-53.22,2.814,-1.748,0.333,-1.026,0.197,10778.69737,81734.46557,3.69,14.54829163,5347896,10,82.616,64.6,90.5,0.910905362,#N/A,#N/A,#N/A,96.3576013,1,1,1.887119,0.3
NPL,NP,Nepal,Asia,Emerging and Developing Economies,3/21/2020,3/9/2020,-2.414,0.191,1.514629709,-1.593788888,0.126103429,#N/A,#N/A,-2.359,0.212,-2.158,0.189,1385.440789,1033.912431,2.85,195.9391071,28608710,6,20.153,35.1,50.8,0.428511471,#N/A,#N/A,#N/A,34,1,0,-0.9023383,#N/A
NZL,NZ,New Zealand,Oceania,Advanced Economies,3/16/2020,3/11/2020,-2.247,0.426,4.064884498,-0.552783234,0.104800026,-17.88,3.51,-1.332,0.185,-0.989,0.0272,2276.697368,42330.9064,4.07,18.38517337,4917000,10,86.615,54,86.2,0.842273544,#N/A,#N/A,#N/A,90.81109307,0,0,1.670251,-0.26
OMN,OM,Oman,Asia,Emerging and Developing Economies,3/6/2020,2/29/2020,-0.204,0.43,1.672384371,-0.121981527,0.257117925,#N/A,#N/A,-7.159,0.206,-3.802,0.153,790.8289474,16415.15728,1.84,15.6041454,4974986,-8,85.443,43.1,77.1,0.743531097,#N/A,#N/A,#N/A,80.18563573,0,0,0.1865782,#N/A
PAK,PK,Pakistan,Asia,Emerging and Developing Economies,3/19/2020,3/11/2020,-2.33,0.297,1.485089454,-1.568929059,0.199987953,#N/A,#N/A,-2.261,0.137,-1.735,0.0839,1477.046053,1482.403063,3.98,275.2893187,216565318,6,36.907,35.5,43.1,0.492158484,0.01962,-0.27611,-0.10337,15.51,1,1,-0.6338443,0.58
PAN,PA,Panama,North America,Emerging and Developing Economies,3/13/2020,3/8/2020,-1.778,0.0723,4.141538175,-0.429309094,0.017457282,#N/A,#N/A,-2.746,0.56,-1.107,0.355,7715.723684,15575.07255,4.74,56.18607748,4246439,9,68.059,43.7,64.4,0.677043867,#N/A,#N/A,#N/A,57.86509007,1,0,-0.019452,#N/A
PER,PE,Peru,South America,Emerging and Developing Economies,3/15/2020,3/5/2020,-1.858,0.337,2.356562863,-0.788436425,0.143004884,-50.3,2.842,-0.978,0.224,-1.213,0.0398,5369.236842,6941.235848,3.03,24.99160625,32510453,9,78.099,49.2,69.6,0.635787809,0.15494,-0.13272,-0.09692,48.72763146,1,0,-0.2454309,-0.337518933
PHL,PH,Philippines,Asia,Emerging and Developing Economies,3/12/2020,3/8/2020,-0.31,0.139,1.263039618,-0.245439649,0.110051971,#N/A,#N/A,-1.627,0.107,-2.352,0.18,616.5723684,3102.713363,2.24,357.6883053,108116615,8,47.149,47.6,52,0.617174396,0.29465,0.38087,0.35706,60.05476033,1,0,0.0495094,#N/A
POL,PL,Poland,Europe,Emerging and Developing Economies,3/12/2020,3/8/2020,-2.503,0.381,2.16973259,-1.153598379,0.175597676,#N/A,#N/A,-4.402,0.353,-1.036,0.198,27409.25658,15422.45347,3.28,124.0234822,37970874,10,60.037,55.4,79.6,0.84377326,-0.07357,-0.37012,-0.14705,75.98536595,0,0,0.6626508,-0.324655209
PRI,PR,Puerto Rico,North America,Advanced Economies,3/14/2020,3/8/2020,-1.659,0.32,4.359082593,-0.380584668,0.073409942,-27.92,3.059,-0.826,0.0897,0.147,0.064,2704.532895,31651.34815,8.3,360.2201804,3193694,#N/A,93.576,#N/A,76.6,0.812984477,#N/A,#N/A,#N/A,70.59787359,1,1,-0.156924,#N/A
PRT,PT,Portugal,Europe,Advanced Economies,3/13/2020,3/7/2020,-0.546,0.202,1.798959325,-0.303508808,0.112287141,-50.23,0.999,-3.837,0.552,-1.225,0.167,4217.546053,23403.21764,6.46,112.2619412,10269417,10,65.764,60.3,84.5,0.777927627,-0.79243,0.04927,0.08259,73.79121395,1,1,1.208909,0.100365352
PRY,PY,Paraguay,South America,Emerging and Developing Economies,3/13/2020,3/9/2020,-1.188,0.256,2.378305935,-0.499515215,0.107639642,#N/A,#N/A,-2.89,0.186,-2.494,0.126,2956.355263,5821.814323,6.6,17.50835892,7044636,8,61.879,35.7,60.4,0.618769591,#N/A,#N/A,#N/A,61.07575622,1,0,-0.5172144,#N/A
QAT,QA,Qatar,Asia,Emerging and Developing Economies,3/12/2020,3/7/2020,-0.905,0.174,1.414680207,-0.63972055,0.122995995,#N/A,#N/A,-2.757,0.168,-2.047,0.164,556.1578947,68793.78444,0.12,239.5931955,2832067,-10,99.188,41.2,85.2,0.765715882,#N/A,#N/A,#N/A,97.38884917,0,0,0.6312364,0.8512609
ROU,RO,Romania,Europe,Emerging and Developing Economies,3/11/2020,3/4/2020,-1.48,1.401,6.706421173,-0.220684022,0.208904267,-33.46,1.897,-2.447,0.588,-0.984,0.233,5035.631579,12306.10975,3.91,84.60598487,19356544,9,54.084,45.8,74.4,0.784193905,-0.22955,-0.23912,-0.21705,63.74728218,0,0,-0.2534418,#N/A
RUS,RU,Russia,Europe,Emerging and Developing Economies,3/18/2020,3/10/2020,-2.775,0.222,2.824910661,-0.982331951,0.078586556,#N/A,#N/A,-4.758,0.173,-1.247,0.0457,196267.6118,11288.87845,4.6,8.822079555,144373535,4,74.587,44.3,71.7,#N/A,-0.32336,-0.06924,-0.15077,76.00813853,1,0,-0.0608858,-0.469291149
RWA,RW,Rwanda,Africa,Emerging and Developing Economies,3/15/2020,3/8/2020,-3.052,0.2,2.204391812,-1.384508862,0.090727973,#N/A,#N/A,-6.444,0.475,-2.537,0.191,295819.2171,772.9444599,0.99,498.6598703,12626950,-4,17.313,34.2,47.8,0.40744149,-0.28969,-0.14199,-0.12548,21.76763262,0,0,0.2068089,#N/A
SAU,SA,Saudi Arabia,Asia,Emerging and Developing Economies,3/23/2020,3/1/2020,-0.277,0.38,1.630554574,-0.169880852,0.233049544,#N/A,#N/A,-2.462,0.332,-1.68,0.258,13961.80921,23338.96346,6.13,15.67665431,34268528,-10,84.065,49.3,79.4,0.7790137,0.69575,-0.37127,0.30015,82.12000121,1,0,0.3234982,0.616244523
SEN,SN,Senegal,Africa,Emerging and Developing Economies,3/22/2020,3/10/2020,-0.282,0.0735,1.73653128,-0.162392698,0.042325756,#N/A,#N/A,-4.155,0.124,-1.789,0.064,1001282.441,1521.953554,6.47,82.34747832,16296364,7,47.653,37.9,44.4,0.373026564,#N/A,#N/A,#N/A,46,0,0,-0.2678156,#N/A
SGP,SG,Singapore,Asia,Advanced Economies,4/4/2020,3/1/2020,-1.176,0.464,3.007941663,-0.390965029,0.154258311,#N/A,#N/A,-4.282,0.407,-2.531,0.209,22846.72368,64581.94402,3.1,7952.998418,5703569,-2,100,58.7,86.3,0.872215248,#N/A,#N/A,#N/A,84.44953878,1,0,2.231474,0.356392049
SLE,SL,Sierra Leone,Africa,Emerging and Developing Economies,3/13/2020,3/10/2020,-1.537,0.117,2.664919542,-0.576752872,0.043903765,#N/A,#N/A,-2.284,0.0837,-1.491,0.0653,1504.776316,533.9911843,4.36,105.987171,7813215,7,42.484,38.2,41.3,0.357159036,#N/A,#N/A,#N/A,9,0,0,-1.142948,#N/A
SLV,SV,El Salvador,North America,Emerging and Developing Economies,3/31/2020,3/8/2020,-3.125,0.373,2.598653373,-1.202545915,0.14353588,#N/A,#N/A,-5.259,0.321,-2.783,0.101,915.6315789,4058.252439,3.96,309.8814672,6453553,8,72.746,44.2,64.4,0.59309467,#N/A,#N/A,#N/A,33.8207289,1,1,-0.4471425,#N/A
SRB,RS,Serbia,Europe,Emerging and Developing Economies,3/14/2020,3/5/2020,-2.333,0.299,2.595645915,-0.898812888,0.115192908,#N/A,#N/A,-0.491,0.357,-0.103,0.262,155041.3355,7246.191986,10.4,79.8376858,6944975,8,56.26,52.3,75.4,0.75179332,-0.12962,-0.31642,-0.1602,70.33083553,0,0,0.1116198,#N/A
SVN,SI,Slovenia,Europe,Advanced Economies,3/19/2020,3/6/2020,-1.319,0.251,2.797129164,-0.471554913,0.089734862,#N/A,#N/A,-2.748,0.616,-1.173,0.191,11871.69079,26041.81897,4.45,102.9636605,2087946,10,54.822,67.2,87.4,0.860279598,#N/A,#N/A,#N/A,78.88542636,1,1,1.125806,#N/A
SWE,SE,Sweden,Europe,Advanced Economies,3/13/2020,3/1/2020,-1.768,0.326,2.394566226,-0.738338318,0.136141568,#N/A,#N/A,-1.904,0.676,-0.363,0.253,10305.51974,54651.08537,6.83,24.98149812,10285453,10,87.708,72.1,90.5,0.883490275,0.05185,-0.16686,0.30693,95.51006745,1,0,1.830975,0.338195036
SWZ,SZ,Swaziland,Africa,Emerging and Developing Economies,3/16/2020,3/9/2020,-1.992,0.128,1.990772139,-1.000616776,0.06429666,#N/A,#N/A,-5.057,0.231,-1.971,0.135,98868.53289,4145.974112,22.24,66.05761628,1148130,-9,23.981,#N/A,41.9,0.577699713,#N/A,#N/A,#N/A,47,1,0,0,#N/A
THA,TH,Thailand,Asia,Emerging and Developing Economies,2/26/2020,2/24/2020,-0.27,0.0862,1.209343529,-0.223261624,0.071278341,#N/A,#N/A,-4.301,0.453,-1.493,0.416,81399.50658,7273.563207,0.72,135.8972068,69625582,7,50.692,73.2,70.8,0.684276785,-0.12359,-0.14669,0.34844,52.89192934,1,0,0.3499596,0.253626032
TTO,TT,Trinidad and Tobago,North America,Emerging and Developing Economies,3/14/2020,3/10/2020,-1.473,0.0829,3.763768668,-0.391363054,0.022025796,#N/A,#N/A,-2.391,2.014,-1.542,0.921,839.4013158,17129.91309,3.46,270.9274854,1394973,10,53.187,36.6,62.1,0.698405348,#N/A,#N/A,#N/A,77.32605293,1,0,0.1902379,-0.196318847
TUN,TN,Tunisia,Africa,Emerging and Developing Economies,3/12/2020,3/8/2020,-0.375,0.251,3.932701703,-0.095354295,0.063823808,#N/A,#N/A,-3.245,0.24,-1.079,0.0843,61022.73684,3447.50791,15.13,74.44132338,11694719,0,69.254,33.7,70.1,0.675428611,#N/A,#N/A,#N/A,64.19081023,1,0,-0.1052618,#N/A
TUR,TR,Turkey,Asia,Emerging and Developing Economies,3/25/2020,3/9/2020,-1.653,0.411,2.914167902,-0.567228813,0.141035113,-52.55,1.749,-2.84,0.0726,-0.784,0.0555,2755.013158,9370.176344,13.67,106.9601289,83429615,9,75.63,52.4,76.2,0.729481001,0.02343,-0.27897,0.12911,64.68461768,0,0,0.0060968,0.287066572
TZA,TZ,Tanzania,Africa,Emerging and Developing Economies,3/15/2020,3/10/2020,-1.718,0.33,2.275066609,-0.755142725,0.145050698,#N/A,#N/A,-6.03,0.559,-1.544,0.562,544.4671053,1060.994615,1.96,63.5790788,58005463,-1,34.5,36.4,49.9,0.412207128,0.49187,-0.45672,-0.14714,25,0,0,-0.7562658,#N/A
UGA,UG,Uganda,Africa,Emerging and Developing Economies,3/24/2020,3/11/2020,-4.032,0.262,2.714782509,-1.485201848,0.096508652,#N/A,#N/A,-3.086,0.39,-0.774,0.2,54848.81579,642.7767443,1.72,213.0617345,44269594,-1,24.361,44.3,42.9,0.387738241,0.16259,-0.28195,-0.70644,23.70653091,0,0,-0.6060399,#N/A
UKR,UA,Ukraine,Europe,Emerging and Developing Economies,3/16/2020,3/10/2020,-1.999,0.124,2.762751629,-0.723554003,0.04488279,#N/A,#N/A,-0.895,1.194,-1.018,1.016,18170.32237,3095.173581,8.19,77.02966735,44385155,6,69.473,38,72.7,0.740061596,-0.21867,-0.12227,-0.09239,58.88947945,1,1,-0.4152199,-0.440472837
URY,UY,Uruguay,South America,Emerging and Developing Economies,3/15/2020,3/10/2020,-1.936,0.233,2.719528728,-0.711888049,0.085676609,#N/A,#N/A,-1.324,0.142,-0.539,0.0687,4784.565789,17277.97011,9.35,19.70802765,3461734,10,95.426,41.3,72,0.706753401,#N/A,#N/A,#N/A,68.27966256,1,0,0.5582148,#N/A
USA,US,United States,North America,Advanced Economies,3/14/2020,3/5/2020,-2.574,0.0731,1.543626281,-1.667502058,0.047356022,-12.49,2.917,-0.478,0.072,-0.139,0.0214,5066.736842,62886.83648,3.67,35.71362209,328239523,10,82.459,83.5,81.3,0.86662166,0.11659,0.40643,0.15037,87.26611282,0,0,1.576998,-0.132549985
VEN,VE,Venezuela,South America,Emerging and Developing Economies,3/17/2020,3/11/2020,-4.466,0.368,2.417469691,-1.847386139,0.15222528,#N/A,#N/A,-3.1,0.517,-3.348,0.237,1230.565789,,7.16,32.73079191,28515829,-3,88.24,23,64.7,0.655413104,0.24952,0.0804,0.11499,72,1,1,-1.581517,-0.28
VNM,VN,Viet Nam,Asia,Emerging and Developing Economies,3/19/2020,2/22/2020,-3.492,0.78,5.594373224,-0.624198612,0.139425807,-4.307,7.962,-4.091,0.214,-1.816,0.127,801.2828947,2566.59695,2.04,308.1252459,96462106,#N/A,36.628,#N/A,66.3,0.606829222,#N/A,#N/A,#N/A,58.14,0,0,-0.0034448,0.388185296
YEM,YE,Yemen,Asia,Emerging and Developing Economies,3/18/2020,3/4/2020,-3.677,0.1,3.377519256,-1.088668849,0.029607529,#N/A,#N/A,-5.512,0.741,-2.772,0.323,8271.394737,944.4084994,12.9,53.97785291,29161922,3,37.273,18.5,49.6,0.429504407,#N/A,#N/A,#N/A,26.71835477,1,0,-2.244354,#N/A
ZAF,ZA,South Africa,Africa,Emerging and Developing Economies,3/24/2020,3/8/2020,-1.475,0.131,1.033074504,-1.427776985,0.126805956,-64.33,3.696,-3.665,0.267,-1.121,0.219,31548.21711,6374.028196,28.47,47.63011978,58558270,9,66.856,54.8,52,0.676542582,0.9706,-0.32111,-0.16692,56.16739447,1,0,0.3403786,#N/A
ZMB,ZM,Zambia,Africa,Emerging and Developing Economies,3/25/2020,3/10/2020,-2.308,0.239,2.422829554,-0.952605187,0.098644991,#N/A,#N/A,-5.547,0.403,-1.483,0.0669,14196.50658,1539.900158,11.91,23.3414789,17861030,7,44.072,28.7,41.6,0.472213354,#N/A,#N/A,#N/A,27.8525791,1,0,-0.5592093,#N/A
