,country,model,mType,mMinDate,mRecoveryTime,u,v,gama,a,b,sse,r-squared,sd_position_half,sd_position_525,sd_position_final,mPercent
0,AFG,normal-ci,1,2020-3-13,3.5231090339949223,0.3213666521661959,-2.068654794317066,0.19674287540526367,,,11.546470122355252,0.46843275785264876,-1.3816792521866612,1.2025172160313538,1.2025202077350656,
1,AFG,normal,1,2020-3-13,4.307937660277368,0.3213666521661959,-2.068654794317066,0.16089816308117136,,,11.329499411461097,0.5306596428717401,-1.381698234513136,1.2024792513784048,1.2025202077350656,
2,AFG,normal+ci,1,2020-3-13,5.541939847338531,0.3213666521661959,-2.068654794317066,0.12505345075707905,,,11.782167288378815,0.6291221946858403,-1.3819581021364822,1.2019595161317118,1.2025202077350656,
3,AGO,normal-ci,1,2020-3-23,7.47130539380348,0.7492738320157357,-2.4675797948174125,0.09237788606539857,,,3.940157397539231,0.8358913003907805,-1.1675509637680892,2.381985657550701,2.4031197035683123,
4,AGO,normal,1,2020-3-23,8.232004710532,0.7492738320157357,-2.4675797948174125,0.08357531187006627,,,3.7748922152546243,0.864917967317602,-1.1753830138746872,2.3663215573375047,2.4031197035683123,
5,AGO,normal+ci,1,2020-3-23,9.150243980979024,0.7492738320157357,-2.4675797948174125,0.07477273767473397,,,4.002465707152023,0.9025351092629222,-1.1890200110151985,2.3390475630564826,2.4031197035683123,
6,ALB,normal-ci,1,2020-3-25,1.0229614199765944,0.18175832773608233,-0.6725363162113653,0.6775887800106917,,,3.414854604489777,0.13599265441391628,0.022071994524275596,0.4779040993751893,0.4779040993751893,
7,ALB,normal,1,2020-3-25,1.615676817213358,0.18175832773608233,-0.6725363162113653,0.4290135088718679,,,3.3068532385599583,0.1674870687145548,0.02207199452231044,0.477904099371259,0.4779040993751893,
8,ALB,normal+ci,1,2020-3-25,3.841373091266833,0.18175832773608233,-0.6725363162113653,0.1804382377330441,,,4.061188119432709,0.29618166477111424,0.022064432436386495,0.47788897519941115,0.4779040993751893,
9,ARE,normal-ci,1,2020-3-15,22.44401204279248,2.5582677298305305,-4.873227358613711,0.022861210739021236,,,22.99127696446451,1.1585388860365167,-1.3567673582381716,1.7720861441799827,3.3099795509592,
10,ARE,normal,1,2020-3-15,24.961877499034408,2.5582677298305305,-4.873227358613711,0.01779500917654031,,,12.890492760217546,0.8539946341317568,-1.6896443290563559,1.106332202543614,3.3099795509592,
11,ARE,normal+ci,1,2020-3-15,27.738219361928948,2.5582677298305305,-4.873227358613711,0.012728807614059385,,,28.92261891352419,0.7558685275056136,-2.1666237158321606,0.15237342899200534,3.3099795509592,
12,ARG,normal-ci,1,2020-3-15,17.36057309185999,3.0606685525585804,-8.086826198928394,0.0354583669246425,,,7.15377197280508,0.9608959785935823,-2.0020971731473547,2.6918175199301353,3.515447866007986,
13,ARG,normal,1,2020-3-15,18.013705748595576,3.0606685525585804,-8.086826198928394,0.033587103772829044,,,5.93771291153856,0.9403203313949815,-2.060611881282819,2.574788103659207,3.515447866007986,
14,ARG,normal+ci,1,2020-3-15,18.70089044324235,3.0606685525585804,-8.086826198928394,0.03171584062101559,,,7.332505574373716,0.9233451617600218,-2.1274409286955662,2.4411300088337113,3.515447866007986,
15,AUS,normal-ci,1,2020-3-15,12.463842484047525,1.3288018817195968,-4.1506119865505235,0.05388198877681075,,,6.414592336619315,0.803125117815515,-0.9943279685871657,1.7680585145478798,1.8912108829399743,
16,AUS,normal,1,2020-3-15,13.341966586459648,1.3288018817195968,-4.1506119865505235,0.04979983887061116,,,5.88881562822152,0.8007510314899915,-1.0150301185789494,1.7266542145643125,1.8912108829399743,
17,AUS,normal+ci,1,2020-3-15,14.326064515749735,1.3288018817195968,-4.1506119865505235,0.045717688964411564,,,6.547942374788814,0.8023843038128556,-1.042692411032919,1.6713296296563733,1.8912108829399743,
18,AUT,normal-ci,1,2020-3-13,8.413434006581312,0.29474111296031685,-3.5107214916316236,0.08208930244080596,,,10.649300937400403,0.8307192315659314,-3.4624482952761833,-0.49518154059785846,-0.48032373859742816,
19,AUT,normal,1,2020-3-13,9.310614018736128,0.29474111296031685,-3.5107214916316236,0.07396262938787934,,,10.23734095669752,0.8635217935747589,-3.4684646332911804,-0.5072142166278528,-0.48032373859742816,
20,AUT,normal+ci,1,2020-3-13,10.404650933481069,0.29474111296031685,-3.5107214916316236,0.06583595633495272,,,10.815417937600337,0.9061321533084272,-3.4793533370988645,-0.5289916242432197,-0.48032373859742816,
21,AZE,normal-ci,1,2020-3-31,17.070561349391937,1.541894802400609,-2.507211261097976,0.030642210142506662,,,11.987687021138466,1.3572694617315892,-0.16623404970888417,1.6535960290099982,2.481886143119413,
22,AZE,normal,1,2020-3-31,20.339306558463413,1.541894802400609,-2.507211261097976,0.01985151574710239,,,5.877753342278959,0.7306007278645444,-0.5018125014063034,0.9824391256151597,2.481886143119413,
23,AZE,normal+ci,1,2020-3-31,24.10875373208878,1.541894802400609,-2.507211261097976,0.00906082135169812,,,19.272987668141592,0.9025980994549949,-1.1093075082462875,-0.2325508880648084,2.481886143119413,
24,BEL,normal-ci,1,2020-3-13,11.47114659318472,1.2288696584358048,-4.499859523961956,0.059282156704378,,,12.209121815970772,1.0114992315594507,-1.6000242154189772,1.7920830514820083,1.8828271523039442,
25,BEL,normal,1,2020-3-13,12.483796077511421,1.2288696584358048,-4.499859523961956,0.05398186190821768,,,11.480897315832658,1.0269942991621865,-1.6214598290998283,1.7492118241203058,1.8828271523039442,
26,BEL,normal+ci,1,2020-3-13,13.658804355114455,1.2288696584358048,-4.499859523961956,0.04868156711205736,,,12.464088308013883,1.0513884332915517,-1.6530225040378372,1.6860864742442887,1.8828271523039442,
27,BEN,normal-ci,1,2020-3-3,28.268831491470337,3.3321874553794153,-4.771011337396676,0.016516264595501394,,,35.76631521472783,1.4336869392416087,1.6181055299962694,5.908640033058625,8.828665121108072,
28,BEN,normal,1,2020-3-3,31.8557697981596,3.3321874553794153,-4.771011337396676,0.01162429246694311,,,15.179776706772333,0.8385836944250742,0.8868537061708792,4.446136385407845,8.828665121108072,
29,BEN,normal+ci,1,2020-3-3,35.77652022154632,3.3321874553794153,-4.771011337396676,0.006732320338384825,,,50.59697511902553,0.8218854517302763,-0.2106478680668649,2.2511332369323567,8.828665121108072,
30,BGD,normal-ci,1,2020-3-22,2.3338107184598416,-0.4189334296083787,-0.6186016992206712,0.2970023102216467,,,2.3515357931939986,0.22129086991588368,-1.9989817308264068,-1.5429159878476455,-1.5429159827786287,
31,BGD,normal,1,2020-3-22,3.2390461134878787,-0.4189334296083787,-0.6186016992206712,0.21399696982099198,,,2.2937274774085874,0.266131984444944,-1.9989822423526578,-1.5429170109001475,-1.5429159827786287,
32,BGD,normal+ci,1,2020-3-22,5.289792891160369,-0.4189334296083787,-0.6186016992206712,0.13099162942033726,,,2.4505356506326263,0.36953017661249893,-1.9990859924826734,-1.5431245111601795,-1.5429159827786287,
33,BGR,normal-ci,1,2020-3-13,2.7501042392026678,-0.008253797699519541,-2.0362562180964785,0.25204396272043555,,,6.189703281361307,0.49329372489067136,-2.7720584609764294,-0.6668774031134451,-0.6668773600960218,
34,BGR,normal,1,2020-3-13,3.252278494265494,-0.008253797699519541,-2.0362562180964785,0.21312658394423023,,,6.000962231279329,0.5471254319599398,-2.7720588079625528,-0.6668780970856923,-0.6668773600960218,
35,BGR,normal+ci,1,2020-3-13,3.978803422108598,-0.008253797699519541,-2.0362562180964785,0.1742092051680249,,,6.312794626650692,0.6255806798669888,-2.772064752651228,-0.6668899864630423,-0.6668773600960218,
36,BHR,normal-ci,3,2020-3-12,37.00000000000001,,,,0.055175448381719776,-1.4083843778709717,24.6283271531064,0.8840912818110424,3.0436509115395265,8.101461147470092,,
37,BHR,normal,3,2020-3-12,37.0,,,,0.05279954266970088,-1.4083843778709717,23.850314959488493,0.8052821894451521,2.8258569364599078,7.665873197310853,,
38,BHR,normal+ci,3,2020-3-12,37.0,,,,0.05042363695768199,-1.4083843778709717,24.628327155950753,0.7392603939728838,2.6080629613802895,7.230285247151617,,
39,BIH,normal-ci,1,2020-3-21,7.576947231551795,0.28140284241313684,-2.4355719150183215,0.09112832526204814,,,7.532965002736733,0.7450048171734741,-2.4528137762737687,-0.3444385551166282,-0.33312322151191853,
40,BIH,normal,1,2020-3-21,8.635048347074793,0.28140284241313684,-2.4355719150183215,0.079618311595395,,,7.198603459138466,0.7786223625298596,-2.459111263320301,-0.35703352920969217,-0.33312322151191853,
41,BIH,normal+ci,1,2020-3-21,10.002719495089632,0.28140284241313684,-2.4355719150183215,0.06810829792874185,,,7.712689081150752,0.8270311387754993,-2.4724184143302055,-0.38364783122950213,-0.33312322151191853,
42,BLR,normal-ci,1,2020-3-17,18.75919532128301,1.0829138701739058,-2.735803225497418,0.031023855778339743,,,5.579778406518337,1.1778791740831147,-0.9287192729944203,1.196422104151118,1.7627541681880645,
43,BLR,normal,1,2020-3-17,20.68840992733365,1.0829138701739058,-2.735803225497418,0.026130199511436688,,,4.137936947842353,1.0474538436118925,-1.0424577393927998,0.968945171354359,1.7627541681880645,
44,BLR,normal+ci,1,2020-3-17,22.85293371145724,1.0829138701739058,-2.735803225497418,0.021236543244533633,,,6.28514063586444,0.9916503170454816,-1.201881200726629,0.6500982486867002,1.7627541681880645,
45,BOL,normal-ci,1,2020-3-14,9.669674159677125,0.3391491714552404,-3.360540569378048,0.07106432839314544,,,18.054191505724923,0.8552485859324579,-2.4780686912746237,-0.41473184848378813,-0.3898382781736955,
46,BOL,normal,1,2020-3-14,11.08162823558908,0.3391491714552404,-3.360540569378048,0.06147648452169832,,,17.186158410378514,0.8880083402572205,-2.4904453153324364,-0.4394850965994132,-0.3898382781736955,
47,BOL,normal+ci,1,2020-3-14,12.904123106946152,0.3391491714552404,-3.360540569378048,0.05188864065025119,,,18.578492809276526,0.9413921006082361,-2.5151287978408683,-0.48885206161627676,-0.3898382781736955,
48,BRA,normal-ci,1,2020-3-15,12.338737040886716,2.301439063301861,-6.079409918858456,0.054502937424931314,,,69.41347438210825,1.0923443517559563,-0.14860207016708296,2.5930322308585296,2.709875480856744,
49,BRA,normal,1,2020-3-15,14.349177270467013,2.301439063301861,-6.079409918858456,0.04562722437785752,,,64.40193419438494,1.101834604685061,-0.19989277300703243,2.490450825178631,2.709875480856744,
50,BRA,normal+ci,1,2020-3-15,16.928463763707818,2.301439063301861,-6.079409918858456,0.03675151133078372,,,73.5042635397505,1.1610806983145632,-0.2962136542758808,2.2978090626409338,2.709875480856744,
51,BRB,normal-ci,3,2020-3-31,27.500000000000007,,,,0.006553706561038822,-0.5987378246694844,4.9135408353555645,0.14327738129202514,-2.661284445060641,-2.1458061434090485,,
52,BRB,normal,3,2020-3-31,27.499999999999993,,,,0.004869000746718951,-0.5987378246694844,4.751818279198754,0.07002660564546125,-2.793794084279294,-2.4108254218463534,,
53,BRB,normal+ci,3,2020-3-31,27.5,,,,0.0031842949323990797,-0.5987378246694844,4.913540833306274,0.061573484400420056,-2.926303723497946,-2.6758447002836587,,
54,BRN,normal-ci,1,2020-3-13,3.5580509993469143,0.3765153253713099,-1.504164996579795,0.19481073041368724,,,10.751587263582515,0.3269017262106671,-0.36807784545008587,1.0142214771714688,1.01422331985578,
55,BRN,normal,1,2020-3-13,4.5879683204899475,0.3765153253713099,-1.504164996579795,0.15107579224289627,,,10.538632509765023,0.37991900975740694,-0.3680993614511592,1.0141784451693223,1.01422331985578,
56,BRN,normal+ci,1,2020-3-13,6.4537586483842695,0.3765153253713099,-1.504164996579795,0.10734085407210531,,,11.034884239927752,0.4768551360140528,-0.36862333823660903,1.0131304915984225,1.01422331985578,
57,BWA,normal-ci,1,2020-3-25,10.982938497809396,1.3692497444581193,-3.117281986005185,0.0609231051456293,,,5.844383588433308,1.0639186421662996,0.11004183254506737,2.943530652677122,3.0848081569375414,
58,BWA,normal,1,2020-3-25,12.07912696100027,1.3692497444581193,-3.117281986005185,0.05444745023459131,,,5.35004021823602,1.0648100474985303,0.07582397019688396,2.8750949279807556,3.0848081569375414,
59,BWA,normal+ci,1,2020-3-25,13.360726524004505,1.3692497444581193,-3.117281986005185,0.04797179532355333,,,6.050117230721164,1.080370162977784,0.02503075694894294,2.7735085014848737,3.0848081569375414,
60,CAN,normal-ci,1,2020-3-15,5.416213234472293,0.5107001528949943,-2.9158047005354106,0.1279554154907599,,,5.322337567568532,0.9660788870968354,-1.2615613180104646,0.6482544788891733,0.6486875679600602,
61,CAN,normal,1,2020-3-15,5.952466520678643,0.5107001528949943,-2.9158047005354106,0.11640380630151066,,,5.205843858153139,1.0214625611051305,-1.2618365185712612,0.6477040777675799,0.6486875679600602,
62,CAN,normal+ci,1,2020-3-15,6.605132993160721,0.5107001528949943,-2.9158047005354106,0.10485219711226144,,,5.36757263761282,1.0892651175169155,-1.2624614640402252,0.6464541868296517,0.6486875679600602,
63,CHE,normal-ci,1,2020-3-15,8.174021704920097,0.10909111218381583,-2.9509268529898494,0.08449567720102183,,,5.556388689483558,0.8559752986620475,-3.9138408002044858,-1.4508270942674402,-1.4385764454849133,
64,CHE,normal,1,2020-3-15,8.937398038988125,0.10909111218381583,-2.9509268529898494,0.077087103015815,,,5.336362600368033,0.8861651547573374,-3.918080535289102,-1.4593065644366738,-1.4385764454849133,
65,CHE,normal+ci,1,2020-3-15,9.846201673917843,0.10909111218381583,-2.9509268529898494,0.06967852883060818,,,5.629713644962323,0.9240105317787578,-3.9252548665582694,-1.4736552269750063,-1.4385764454849133,
66,CHL,normal-ci,1,2020-3-18,6.671582369754139,0.4510104726754742,-4.664444073790962,0.10376630116389932,,,14.824384377476353,0.722277505468952,-3.4332717542722726,-0.3667609822786,-0.3614689791487925,
67,CHL,normal,1,2020-3-18,7.344961503401565,0.4510104726754742,-4.664444073790962,0.09414481802861224,,,14.230860590102125,0.7531072670745216,-3.435715919050025,-0.37164931183410493,-0.3614689791487925,
68,CHL,normal+ci,1,2020-3-18,8.162974039515106,0.4510104726754742,-4.664444073790962,0.08452333489332517,,,15.0282339754086,0.7915313552199035,-3.4404178079123144,-0.3810530895586839,-0.3614689791487925,
69,CHN,normal-ci,1,2020-1-29,13.53515676553019,0.8104501775469372,-3.7979162188189317,0.05102232799209738,,,14.839007736383396,0.7521084939411341,-0.46137146748023145,1.0695252948457756,1.0773689290170372,
70,CHN,normal,1,2020-1-29,14.657496163822898,0.8104501775469372,-3.7979162188189317,0.04701144798660303,,,14.269982007835448,0.775435686445788,-0.46371997452843805,1.0648282807493628,1.0773689290170372,
71,CHN,normal+ci,1,2020-1-29,15.968081629655806,0.8104501775469372,-3.7979162188189317,0.043000567981108684,,,14.993367862667789,0.8039680221883998,-0.4674748412397925,1.0573185473266538,1.0773689290170372,
72,CIV,normal-ci,1,2020-3-15,27.504581212997437,4.383059695766698,-5.692554379873067,0.013139124910480695,,,23.380245828802995,1.5762301362398032,0.8336073734020034,3.437854780238769,6.816015788033778,
73,CIV,normal,1,2020-3-15,29.73994153738022,4.383059695766698,-5.692554379873067,0.00930562201822388,,,4.9579214478143045,0.8158515448135809,0.3052265269142486,2.3810930872632587,6.816015788033778,
74,CIV,normal+ci,1,2020-3-15,32.0733521310659,4.383059695766698,-5.692554379873067,0.005472119125967066,,,31.91169196839173,0.7101177803682409,-0.38844325535300334,0.993753522728755,6.816015788033778,
75,CMR,normal-ci,1,2020-3-20,19.104346749186256,2.1334466480535994,-4.076242615125247,0.029144966040324963,,,16.058628007695035,1.1571536760429855,-0.4603510115110503,2.8722341390298314,4.012488288517943,
76,CMR,normal,1,2020-3-20,21.40161681362926,2.1334466480535994,-4.076242615125247,0.02328624278172188,,,10.70194071066578,0.9395097283627984,-0.729496070881699,2.3339440202885338,4.012488288517943,
77,CMR,normal+ci,1,2020-3-20,23.991859976168854,2.1334466480535994,-4.076242615125247,0.017427519523118797,,,19.320378982316974,0.8683902936781572,-1.1256988796429535,1.5415384027660246,4.012488288517943,
78,COD,normal-ci,1,2020-3-21,15.90214576499865,1.3849085390395848,-2.7007115513344964,0.03870107071988201,,,15.736901836761545,0.839766732650154,0.05158449623605084,1.7991898306348184,2.1064974411272486,
79,COD,normal,1,2020-3-21,18.90469652250399,1.3849085390395848,-2.7007115513344964,0.029341671288091467,,,12.350838611117068,0.6761375758657096,-0.07708786378922385,1.541845110584269,2.1064974411272486,
80,COD,normal+ci,1,2020-3-21,22.61463709335991,1.3849085390395848,-2.7007115513344964,0.019982271856300922,,,19.125946316321485,0.6446207438079621,-0.3135126885708617,1.0689954610209933,2.1064974411272486,
81,COL,normal-ci,1,2020-3-15,12.151563936163946,0.7169119158230383,-5.419646198160384,0.05545214699029931,,,7.034982231340077,0.9083909044448855,-2.8850228077801714,-0.42964438337331096,-0.33195642585293383,
82,COL,normal,1,2020-3-15,12.834663423884944,0.7169119158230383,-5.419646198160384,0.052101496946204945,,,6.525225293053104,0.9114698574804742,-2.8981411989549293,-0.4558811657228253,-0.33195642585293383,
83,COL,normal+ci,1,2020-3-15,13.58419722864576,0.7169119158230383,-5.419646198160384,0.04875084690211058,,,7.140290361651824,0.9175511516238668,-2.9147828941557337,-0.4891645561244344,-0.33195642585293383,
84,CRI,normal-ci,1,2020-3-12,24.76679683795924,2.3131640464810284,-3.964624869151928,0.01932352854565246,,,39.31528583204891,1.8877847345350924,-0.7089106541461869,1.0838780026716544,2.2119667842417914,
85,CRI,normal,1,2020-3-12,29.159672303570588,2.3131640464810284,-3.964624869151928,0.011812018970356665,,,14.984650504230792,0.8652224279795546,-1.128235492332737,0.24522832629855446,2.2119667842417914,
86,CRI,normal+ci,1,2020-3-12,34.06863991370422,2.3131640464810284,-3.964624869151928,0.0043005093950608695,,,66.83986874639862,1.4033601173675976,-1.8592970001729667,-1.2168946893819055,2.2119667842417914,
87,CUB,normal-ci,1,2020-3-20,22.142852226978817,2.253560675206374,-4.104896388239315,0.021541769722524702,,,14.24136352065249,1.2182160065377825,-1.6512365652449068,1.9809981478758019,4.291289822907059,
88,CUB,normal,1,2020-3-20,24.48992245726884,2.253560675206374,-4.104896388239315,0.016368181623834455,,,6.539112908185362,0.824674306797557,-2.121376104380502,1.0407190696046114,4.291289822907059,
89,CUB,normal+ci,1,2020-3-20,27.038341915452122,2.253560675206374,-4.104896388239315,0.011194593525144209,,,18.60137587630498,0.7117724646332393,-2.78286047555393,-0.2822496727422451,4.291289822907059,
90,CYP,normal-ci,1,2020-3-12,9.943413885957728,0.9580146265821482,-3.1686253498326256,0.06910628431260483,,,14.734002771315927,0.8087633319665117,-0.5966875098428954,2.0502244526628566,2.0822476972249135,
91,CYP,normal,1,2020-3-12,11.307139005486892,0.9580146265821482,-3.1686253498326256,0.060286216548433844,,,14.050477787688985,0.8359767358003148,-0.611429266293174,2.0207409397623,2.0822476972249135,
92,CYP,normal+ci,1,2020-3-12,13.041738917842302,0.9580146265821482,-3.1686253498326256,0.05146614878426285,,,15.11883565219435,0.8794151474122931,-0.6397436251584383,1.964112222031771,2.0822476972249135,
93,CZE,normal-ci,1,2020-3-13,2.9457737753454136,-0.22150737958282737,-1.940066464198947,0.23530223253389237,,,18.472138281842422,0.30956565618762794,-3.6129210391361544,-1.782738301639291,-1.782738174692771,
94,CZE,normal,1,2020-3-13,3.8650568339278655,-0.22150737958282737,-1.940066464198947,0.17933633262420165,,,18.122818004859873,0.3661287454375752,-3.61292475056379,-1.782745724494562,-1.782738174692771,
95,CZE,normal+ci,1,2020-3-13,5.61742798800058,-0.22150737958282737,-1.940066464198947,0.12337043271451092,,,19.163854569399323,0.47502505113280985,-3.6131454777093848,-1.7831871787857514,-1.782738174692771,
96,DEU,normal-ci,1,2020-3-14,10.85354398460763,0.96027331318145,-4.847978274100659,0.0628725780691308,,,12.37086678855192,0.9755833832542946,-4.333146472937129,0.21651828867425785,0.3160030270402188,
97,DEU,normal,1,2020-3-14,11.755873811741878,0.96027331318145,-4.847978274100659,0.05763045012127952,,,11.686332624870598,0.992279302061156,-4.355955141335291,0.17090095187793175,0.3160030270402188,
98,DEU,normal+ci,1,2020-3-14,12.796762292479382,0.96027331318145,-4.847978274100659,0.05238832217342824,,,12.589980035181602,1.016135080967524,-4.389222405949161,0.10436642265019408,0.3160030270402188,
99,DNK,normal-ci,1,2020-3-13,6.582979850606627,0.015497436330214767,-2.397472315005917,0.10522376553560783,,,3.1338723995928417,0.9434504139311518,-2.9448094937405114,-0.9408533966551664,-0.9390034583020983,
100,DNK,normal,1,2020-3-13,7.158730147173728,0.015497436330214767,-2.397472315005917,0.096705466871385,,,3.0374098011575246,0.9866658551296922,-2.945607135175957,-0.9424486795260584,-0.9390034583020983,
101,DNK,normal+ci,1,2020-3-13,7.841824747092195,0.015497436330214767,-2.397472315005917,0.08818716820716216,,,3.1650058107521364,1.0385429665560553,-2.9470926177586336,-0.9454196446914117,-0.9390034583020983,
102,DOM,normal-ci,1,2020-3-20,15.658223996257934,0.4130382387772555,-2.2221019459791895,0.03981205679993241,,,5.058120404206517,1.0156949080395434,-2.5156014425571662,-0.6193023348252943,-0.3239390841847184,
103,DOM,normal,1,2020-3-20,17.62494375142513,0.4130382387772555,-2.2221019459791895,0.033384524584353134,,,4.184519858446128,0.9322713932316075,-2.59363544045818,-0.7753703306273212,-0.3239390841847184,
104,DOM,normal+ci,1,2020-3-20,19.927558568796904,0.4130382387772555,-2.2221019459791895,0.026956992368773854,,,5.5822427410526325,0.9025128756750205,-2.712902088766507,-1.0139036272439763,-0.3239390841847184,
105,DZA,normal-ci,1,2020-3-20,7.880355653667468,1.0749654081299247,-3.2627211728575922,0.08756730501650876,,,11.900664103285976,0.7741313386074495,-0.5104969261482994,2.8702687775705154,2.8912296561620296,
106,DZA,normal,1,2020-3-20,8.900847822399303,1.0749654081299247,-3.2627211728575922,0.07718756716583666,,,11.364664825054511,0.8059698777466747,-0.5208085907369867,2.8496454483931406,2.8912296561620296,
107,DZA,normal+ci,1,2020-3-20,10.194270370986924,1.0749654081299247,-3.2627211728575922,0.06680782931516456,,,12.163411358420236,0.8509345012597421,-0.5412658631183387,2.8087309036304364,2.8912296561620296,
108,ECU,normal-ci,1,2020-3-17,13.739569380026733,-0.40416256373540305,-2.97033656582098,0.04780996494301891,,,13.265351391658408,0.7748545130278534,-4.393360726983177,-2.734394130659148,-2.6071849360317483,
109,ECU,normal,1,2020-3-17,15.76164770933255,-0.40416256373540305,-2.97033656582098,0.040112407901319896,,,11.752853938710437,0.7343277348361531,-4.437938367068584,-2.8235494108299624,-2.6071849360317483,
110,ECU,normal+ci,1,2020-3-17,18.252669240902776,-0.40416256373540305,-2.97033656582098,0.03241485085962088,,,14.235655578240987,0.7225724012425917,-4.5137584971548845,-2.9751896710025623,-2.6071849360317483,
111,EGY,normal-ci,1,2020-3-14,6.197782632987025,0.06156202694385618,-1.851321181179863,0.11178638068710942,,,57.89433210947149,0.18667451164899188,-2.4733892565213815,-0.7796792403723027,-0.7785964687804675,
112,EGY,normal,1,2020-3-14,9.184371434914645,0.06156202694385618,-1.851321181179863,0.07497888481665546,,,55.76293819957978,0.2075341061204939,-2.480511736790727,-0.7939242009109938,-0.7785964687804675,
113,EGY,normal+ci,1,2020-3-14,16.532795571163746,0.06156202694385618,-1.851321181179863,0.038171388946201514,,,64.09869113538473,0.2924659476352699,-2.581337682444199,-0.995576092217937,-0.7785964687804675,
114,ESP,normal-ci,1,2020-3-13,5.957063044685345,-0.4352973856220581,-3.6795712251690134,0.11632275901576383,,,3.6183457126758034,0.9913706757223989,-7.568313908257769,-3.60065669603367,-3.5990280938958734,
115,ESP,normal,1,2020-3-13,6.330838468096266,-0.4352973856220581,-3.6795712251690134,0.10943383828683247,,,3.518277480641421,1.0267121484595423,-7.568846049912796,-3.601720979343723,-3.5990280938958734,
116,ESP,normal+ci,1,2020-3-13,6.753980093529332,-0.4352973856220581,-3.6795712251690134,0.1025449175579011,,,3.640393990935786,1.066893870099939,-7.569725943464302,-3.6034807664467334,-3.5990280938958734,
117,EST,normal-ci,1,2020-3-20,9.700701969267815,0.5108247809887251,-1.6514489240305466,0.07047354650946247,,,13.050166249426137,0.6220398872344343,-0.7366536949726661,1.2144615295399137,1.2520856376302718,
118,EST,normal,1,2020-3-20,12.383377151682978,0.5108247809887251,-1.6514489240305466,0.05366937743929094,,,12.431162576702237,0.6382868633308724,-0.7748713871702917,1.1380261451446625,1.2520856376302718,
119,EST,normal+ci,1,2020-3-20,16.5202635125168,0.5108247809887251,-1.6514489240305466,0.03686520836911941,,,14.20352887862116,0.7333962763074747,-0.8907303615694617,0.9063081963463223,1.2520856376302718,
120,ETH,normal-ci,1,2020-3-13,16.826777082218143,1.3137083115548267,-2.912331105882764,0.0374531510177517,,,8.582341919528087,0.8088306727361041,-0.3039669838827788,2.8076701945886784,3.2399749176427464,
121,ETH,normal,1,2020-3-13,18.77924060663772,1.3137083115548267,-2.912331105882764,0.03199135322226563,,,7.213224248577292,0.7433906861959345,-0.4098607457150785,2.595882670924079,3.2399749176427464,
122,ETH,normal+ci,1,2020-3-13,21.05027811114052,1.3137083115548267,-2.912331105882764,0.02652955542677956,,,9.277615828537893,0.7053014472727024,-0.5676322141603277,2.2803397340335807,3.2399749176427464,
123,FIN,normal-ci,1,2020-3-14,1.91916975536875,-0.49077110334869484,-1.6483141500445517,0.36117033348187405,,,12.89240647661959,0.25823839823927885,-3.8980832198381665,-2.399372266777522,-2.3993722667622728,
124,FIN,normal,1,2020-3-14,2.6086215706546882,-0.49077110334869484,-1.6483141500445517,0.26571396305409856,,,12.642418247264285,0.3100251842314176,-3.898083227193531,-2.3993722814882497,-2.3993722667622728,
125,FIN,normal+ci,1,2020-3-14,4.071139650715281,-0.49077110334869484,-1.6483141500445517,0.17025759262632306,,,13.549361345455962,0.4222017105550336,-3.8980903303070646,-2.399386487715316,-2.3993722667622728,
126,FRA,normal-ci,1,2020-3-14,12.982224854710754,0.9218440744012825,-4.17024141025049,0.0515294856319455,,,10.90426388369903,1.09334757164678,-2.5453299208734794,0.6600001133329368,0.8208342370867729,
127,FRA,normal,1,2020-3-14,14.167519058086892,0.9218440744012825,-4.17024141025049,0.04648351357785522,,,10.041194810195822,1.0965069545813788,-2.5805591542414117,0.5895416465970732,0.8208342370867729,
128,FRA,normal+ci,1,2020-3-14,15.535942578895451,0.9218440744012825,-4.17024141025049,0.041437541523764936,,,11.229717187363036,1.1124575204092348,-2.63122166575611,0.48821662356767653,0.8208342370867729,
129,GBR,normal-ci,1,2020-3-15,5.476090902046868,0.6005417842149903,-3.2887498737426313,0.12655413669037963,,,19.41883787153689,0.5568808404848951,-2.5368135178593323,1.598769523170933,1.5998054663690022,
130,GBR,normal,1,2020-3-15,6.3753773318674085,0.6005417842149903,-3.2887498737426313,0.10865253295424893,,,18.763917978092234,0.6012433192860971,-2.5381418376981038,1.5961128834933893,1.5998054663690022,
131,GBR,normal+ci,1,2020-3-15,7.620388344311895,0.6005417842149903,-3.2887498737426313,0.09075092921811821,,,19.822332121476848,0.6636534649391983,-2.5428765867645837,1.5866433853604287,1.5998054663690022,
132,GEO,normal-ci,1,2020-3-13,32.59817695617676,13.994242602039256,-15.415611059426885,0.005902612255572932,,,172.84357421434143,5.350717177696056,3.4267128087668635,10.335862787693335,35.99051936351865,
133,GEO,normal,1,2020-3-13,34.53234529495239,13.994242602039256,-15.415611059426885,0.0029596212593889734,,,3.9481150969371495,0.9655016754567843,0.35249632086457355,4.187429811888754,35.99051936351865,
134,GEO,normal+ci,1,2020-3-13,36.48892216660519,13.994242602039256,-15.415611059426885,1.6630263205014758e-05,,,235.88074316382628,3.0207186622736737,-3.458491441800826,-3.434545713442045,35.99051936351865,
135,GHA,normal-ci,1,2020-3-15,25.363062284077714,4.646888220791393,-7.313625408454034,0.017034171155807486,,,6.651652449843392,1.1309703784985106,0.1481049450280384,4.524124112835027,8.24592381379273,
136,GHA,normal,1,2020-3-15,26.283752644829654,4.646888220791393,-7.313625408454034,0.015327602813815962,,,2.900074803840279,0.9950398170861274,-0.0916025469244154,4.044709128930119,8.24592381379273,
137,GHA,normal+ci,1,2020-3-15,27.2320410934774,4.646888220791393,-7.313625408454034,0.013621034471824438,,,7.299630954300279,0.8998560861291914,-0.3621874026873665,3.503539417404218,8.24592381379273,
138,GMB,normal-ci,1,2020-3-15,4.667083389950244,0.39646236715568495,-1.504454225553947,0.1485126324809267,,,6.4648125797073295,0.4307572044987562,-0.38633059297167904,1.006951806300584,1.0070252081825413,
139,GMB,normal,1,2020-3-15,5.658980381889119,0.39646236715568495,-1.504454225553947,0.12245663176222486,,,6.235835345562841,0.47633075551624277,-0.386527297801739,1.006558396640464,1.0070252081825413,
140,GMB,normal+ci,1,2020-3-15,7.179230909634276,0.39646236715568495,-1.504454225553947,0.09640063104352303,,,6.65139390882814,0.5470714374341059,-0.38777827506016604,1.00405644212361,1.0070252081825413,
141,GRC,normal-ci,1,2020-3-28,5.062457558699556,-0.10309847981947241,-1.3838267756163627,0.13684856357096742,,,13.271079443932502,0.30471736995678594,-1.9258159978999987,-0.9617642649042982,-0.9610753016114348,
142,GRC,normal,1,2020-3-28,6.8757761794461505,-0.10309847981947241,-1.3838267756163627,0.10037993840535754,,,12.801064092735174,0.3388628674853407,-1.928327641204073,-0.9667875515124468,-0.9610753016114348,
143,GRC,normal+ci,1,2020-3-28,10.465896684684068,-0.10309847981947241,-1.3838267756163627,0.06391131323974766,,,14.083209658227398,0.4218459330840053,-1.9491518772173553,-1.008436023539011,-0.9610753016114348,
144,GTM,normal-ci,1,2020-3-16,4.616867934916005,-0.1771998483330675,-3.327235000968384,0.15012772714255515,,,9.768016701319018,0.7636559795022568,-3.9182244869508946,-1.487313214415654,-1.4871805251127999,
145,GTM,normal,1,2020-3-16,5.181130951276883,-0.1771998483330675,-3.327235000968384,0.13376643137715682,,,9.54429976134202,0.8179705663326325,-3.9183666870918232,-1.4875976146975116,-1.4871805251127999,
146,GTM,normal+ci,1,2020-3-16,5.901594987509828,-0.1771998483330675,-3.327235000968384,0.1174051356117585,,,9.877737358559257,0.8876414703473702,-3.918813672617033,-1.4884915857479306,-1.4871805251127999,
147,GUM,normal-ci,1,2020-3-20,4.556384451530166,-0.3617142415402469,-0.9733950886815783,0.15211700351319224,,,3.2390997861646333,0.4997228317029831,-2.394776683927015,-1.5870986335988444,-1.5870281494823086,
148,GUM,normal,1,2020-3-20,5.661475312784605,-0.3617142415402469,-0.9733950886815783,0.12237739467412084,,,3.1785665744397624,0.5643924993115248,-2.3949923418528183,-1.5875299494504513,-1.5870281494823086,
149,GUM,normal+ci,1,2020-3-20,7.458491557109575,-0.3617142415402469,-0.9733950886815783,0.09263778583504945,,,3.3162671004043354,0.6717079259495616,-2.396527682658904,-1.590600631062622,-1.5870281494823086,
150,HKG,normal-ci,1,2020-3-18,8.631652699825835,0.5483211536535455,-2.5063657773997154,0.07979424494299561,,,3.998326770277762,0.8789637798267161,-0.7583361032383622,0.6829321195688153,0.6956731506078268,
151,HKG,normal,1,2020-3-18,9.454692696187326,0.5483211536535455,-2.5063657773997154,0.07255368633043348,,,3.809018051339437,0.9052539134988812,-0.7623888324379815,0.6748266611695769,0.6956731506078268,
152,HKG,normal+ci,1,2020-3-18,10.433359366656227,0.5483211536535455,-2.5063657773997154,0.06531312771787134,,,4.064419766269912,0.9395399472469075,-0.7690197853174826,0.6615647554105746,0.6956731506078268,
153,HND,normal-ci,1,2020-3-15,17.700393998433817,1.387487834597117,-4.862813448415571,0.034472813995189595,,,18.86998314625209,1.1526350827265026,-3.344057757125106,0.20804305402517495,0.8807754785622091,
154,HND,normal,1,2020-3-15,19.55892913367009,1.387487834597117,-4.862813448415571,0.029503205151150725,,,15.189731132046493,1.0671636352130978,-3.4863765212979714,-0.07659447432055691,0.8807754785622091,
155,HND,normal+ci,1,2020-3-15,21.67303602335135,1.387487834597117,-4.862813448415571,0.024533596307111855,,,20.647504514653455,1.0327995850656058,-3.6889112937883515,-0.48166401930131714,0.8807754785622091,
156,HUN,normal-ci,1,2020-3-9,8.890525705418785,0.5609536835450813,-2.673157595402153,0.07768102773578216,,,21.185548032908287,0.5453247582778318,-1.7278965049759425,0.7047615881316074,0.7170785365256509,
157,HUN,normal,1,2020-3-9,10.584794234509197,0.5609536835450813,-2.673157595402153,0.06484641813111784,,,20.3158935605722,0.5714930795002549,-1.7382831970530486,0.6839882039773953,0.7170785365256509,
158,HUN,normal+ci,1,2020-3-9,12.979462898513326,0.5609536835450813,-2.673157595402153,0.052011808526453526,,,21.863487595667902,0.6169131664899912,-1.7661877626899376,0.6281790727036167,0.7170785365256509,
159,IDN,normal-ci,1,2020-3-17,13.678458489163923,1.496613316647667,-4.155480272252603,0.04806984480094902,,,11.71206048548497,0.888782421511577,-1.0969592076152066,2.27771546072307,2.5317128862906197,
160,IDN,normal,1,2020-3-17,15.012109863292778,1.496613316647667,-4.155480272252603,0.04278030952500779,,,10.497887371817626,0.8694810976832196,-1.1528998828356127,2.165834110282258,2.5317128862906197,
161,IDN,normal+ci,1,2020-3-17,16.55310365563779,1.496613316647667,-4.155480272252603,0.03749077424906656,,,12.199562659667592,0.8631082586199434,-1.233481430987093,2.0046710139792974,2.5317128862906197,
162,IMN,normal-ci,1,2020-3-17,1.7129587630613798,0.32857317485958815,-1.7339080738934078,0.4046490759184491,,,9.603449561727084,0.30312138155945734,-0.9043118529407173,0.7994660886925217,0.7994660886950721,
163,IMN,normal,1,2020-3-17,2.2541393589128047,0.32857317485958815,-1.7339080738934078,0.3074997014755144,,,9.324178794866103,0.3543495488249834,-0.9043118539788327,0.7994660866162909,0.7994660886950721,
164,IMN,normal+ci,1,2020-3-17,3.295201358077928,0.32857317485958815,-1.7339080738934078,0.21035032703257972,,,10.104913993662,0.4553271611222524,-0.9043127001433235,0.7994643942873094,0.7994660886950721,
165,IND,normal-ci,1,2020-3-26,1.0274193996418601,-0.6533291765165367,-1.2064403271811606,0.6746487177500868,,,24.35854492718674,0.0704234130966297,-3.2784665252862797,-2.3589649793892717,-2.3589649793892717,
166,IND,normal,1,2020-3-26,1.8646299436162694,-0.6533291765165367,-1.2064403271811606,0.3717344466805261,,,23.677146706073536,0.09247462974261063,-3.278466525475522,-2.3589649797677574,-2.3589649793892717,
167,IND,normal+ci,1,2020-3-26,9.839843539270213,-0.6533291765165367,-1.2064403271811606,0.06882017561096537,,,39.299130734874154,0.3308437396549615,-3.2932664366027473,-2.3885648020222083,-2.3589649793892717,
168,IRL,normal-ci,1,2020-3-12,2.5494307832686394,0.5266622708772448,-2.9314464319572866,0.27188311339129206,,,4.290631299307673,0.6985144154405848,-1.1160939729378383,2.4146120968562594,2.414612109773469,
169,IRL,normal,1,2020-3-12,2.833807046889942,0.5266622708772448,-2.9314464319572866,0.2445992812195122,,,4.192711896096628,0.7467902808407962,-1.1160940151178065,2.4146120124963235,2.414612109773469,
170,IRL,normal+ci,1,2020-3-12,3.189589510794927,0.5266622708772448,-2.9314464319572866,0.2173154490477323,,,4.326531335270296,0.807526459666587,-1.1160943327674424,2.414611377197051,2.414612109773469,
171,IRN,normal-ci,1,2020-2-21,6.181700733068675,0.36340002707841296,-1.1713213705949157,0.11212459911887018,,,10.407324082775657,0.3288351985891723,0.19921336771733822,0.8394738910352587,0.8395077800789863,
172,IRN,normal,1,2020-2-21,7.922657609122771,0.36340002707841296,-1.1713213705949157,0.08745527701360416,,,10.182094753629768,0.37760989664787814,0.19905807705969328,0.8391633097199688,0.8395077800789863,
173,IRN,normal+ci,1,2020-2-21,10.996354404630605,0.36340002707841296,-1.1713213705949157,0.06278595490833813,,,10.751324726481108,0.4656349665673175,0.19747960146087917,0.8360063585223406,0.8395077800789863,
174,IRQ,normal-ci,1,2020-2-27,3.9075224547676903,0.27795731056580525,-0.8054658480123423,0.17738785186600872,,,9.552356382665595,0.16180779376832352,0.4205266597732182,1.003805321916763,1.0038055157875698,
175,IRQ,normal,1,2020-2-27,5.647528328118494,0.27795731056580525,-0.8054658480123423,0.1227309980013393,,,9.462690930030483,0.20238700960594724,0.42051486201159377,1.0037817263935145,1.0038055157875698,
176,IRQ,normal+ci,1,2020-2-27,10.145525356551566,0.27795731056580525,-0.8054658480123423,0.06807414413666987,,,9.849759953796891,0.30920428069230355,0.41906718866124953,1.000886379692826,1.0038055157875698,
177,ISL,normal-ci,1,2020-4-4,2.999406423187442,-0.38665219834373926,-2.1964478672873207,0.23109224632618935,,,14.275931686169052,0.4052411764864446,-4.495708255953872,-2.6779806332241156,-2.6779529577128987,
178,ISL,normal,1,2020-4-4,3.831583241009808,-0.38665219834373926,-2.1964478672873207,0.18087787072986067,,,14.031033694944005,0.4604594248761568,-4.495873587992149,-2.6783112973006706,-2.6779529577128987,
179,ISL,normal+ci,1,2020-4-4,5.295065428335022,-0.38665219834373926,-2.1964478672873207,0.13066349513353198,,,14.568104272634441,0.5594381682409566,-4.498014289711365,-2.6825927007390993,-2.6779529577128987,
180,ISR,normal-ci,1,2020-3-17,0.528307992964983,0.3784113006995211,-0.7287399880819823,1.3120134528861684,,,14.128156229370862,0.038178549392237304,0.9081540750347883,1.4658513727453002,1.4658513727453002,
181,ISR,normal,1,2020-3-17,1.17837037704885,0.3784113006995211,-0.7287399880819823,0.5882252459647478,,,13.873831158822034,0.049016062449720656,0.9081540750347883,1.4658513727453002,1.4658513727453002,
182,ISR,normal+ci,0,2020-3-17,,0.3784113006995211,-0.7287399880819823,-0.13556296095667297,,,,,,,,
183,ITA,normal-ci,1,2020-3-10,19.530445387836707,1.0555234852791873,-3.2526880986025537,0.030777719846916005,,,5.901358401871869,1.0650769798082729,-2.5724037020533865,-0.17846078586154193,0.33241230129556676,
184,ITA,normal,1,2020-3-10,21.148825432247136,1.0555234852791873,-3.2526880986025537,0.02710054310279902,,,4.702497666687943,0.9932005950170821,-2.654762241915487,-0.34317786558574237,0.33241230129556676,
185,ITA,normal+ci,1,2020-3-10,22.940061261354693,1.0555234852791873,-3.2526880986025537,0.023423366358682036,,,6.340336264940362,0.9513833840384837,-2.7636750445044127,-0.5610034707635938,0.33241230129556676,
186,JAM,normal-ci,1,2020-3-13,1.2986651924646364,0.10532821213304705,-1.8841826915475406,0.5337381679141447,,,25.49994973603761,0.15599277222969413,-1.7957327939782042,-0.06544614611873775,-0.06544614611873771,
187,JAM,normal,1,2020-3-13,1.9459229322843274,0.10532821213304705,-1.8841826915475406,0.3562048470959549,,,24.855159058943638,0.19303957666965255,-1.7957327939870182,-0.06544614613636593,-0.06544614611873771,
188,JAM,normal+ci,1,2020-3-13,3.879437478671375,0.10532821213304705,-1.8841826915475406,0.17867152627776506,,,27.963766025165885,0.3093446085602099,-1.7957365403064534,-0.06545363877523688,-0.06544614611873771,
189,JOR,normal-ci,1,2020-3-12,13.210484107754759,0.9052137296309771,-2.8177510533598977,0.05071489438497813,,,32.921436404650755,0.598078693237327,-1.0400140993267843,1.0177951167674817,1.1166221431257997,
190,JOR,normal,1,2020-3-12,16.360443391977405,0.9052137296309771,-2.8177510533598977,0.03906358016782763,,,29.995422133219833,0.5571869139404028,-1.1076295179970141,0.8825642794270224,1.1166221431257997,
191,JOR,normal+ci,1,2020-3-12,20.778107636998854,0.9052137296309771,-2.8177510533598977,0.02741226595067713,,,36.51848364470052,0.574107026810457,-1.2677670940247718,0.562289127371507,1.1166221431257997,
192,JPN,normal-ci,1,2020-3-29,15.945287270615129,1.386464543617187,-3.6226646789656494,0.035814041067612434,,,2.8864121028044627,0.9527599300803057,-3.8863447996913885,1.1242417665412425,2.619629856077736,
193,JPN,normal,1,2020-3-29,16.91973598149115,1.386464543617187,-3.6226646789656494,0.03223302485046392,,,2.077755856724234,0.8805200177804434,-4.055654712117682,0.7856219416886537,2.619629856077736,
194,JPN,normal+ci,1,2020-3-29,17.965273301520973,1.386464543617187,-3.6226646789656494,0.028652008633315407,,,3.099598474301576,0.8273868377242315,-4.26330363051357,0.370324104896878,2.619629856077736,
195,KAZ,normal-ci,1,2020-3-18,20.874697711472052,2.887920910769183,-5.683017931398609,0.025333646665374136,,,15.344196932018086,1.1672577021537094,-1.5281524125461199,3.830513758105025,6.16059163368756,
196,KAZ,normal,1,2020-3-18,22.54433287504493,2.887920910769183,-5.683017931398609,0.021498976761707707,,,9.572400912435905,0.9982824689050933,-1.8752326025911683,3.136353378014929,6.16059163368756,
197,KAZ,normal+ci,1,2020-3-18,24.350577910515497,2.887920910769183,-5.683017931398609,0.017664306858041278,,,17.541088816407463,0.9093929300461009,-2.325712476899206,2.2353936293988528,6.16059163368756,
198,KEN,normal-ci,1,2020-3-25,9.972629819030491,2.111833452952207,-5.44034553433951,0.06792638339966117,,,7.239658079610519,0.8884692810327721,-0.6963026334212234,4.217961118589737,4.376425416471382,
199,KEN,normal,1,2020-3-25,10.59948248443487,2.111833452952207,-5.44034553433951,0.06344736970253727,,,6.7097128944271756,0.8936241616842601,-0.7211965124558192,4.168173360520545,4.376425416471382,
200,KEN,normal+ci,1,2020-3-25,11.296093102891973,2.111833452952207,-5.44034553433951,0.058968356005413364,,,7.3583198517798,0.9021944827087657,-0.7539117774009737,4.102742830630236,4.376425416471382,
201,KGZ,normal-ci,1,2020-3-21,16.74468973869066,1.0309178288295617,-2.7234830723394245,0.03585213758185092,,,25.231835950498656,0.805385437592189,-1.8504822278781918,0.10202836040316737,0.5227401127939482,
202,KGZ,normal,1,2020-3-21,20.826816338815064,1.0309178288295617,-2.7234830723394245,0.024267219454688852,,,17.9902894868697,0.5199465506812524,-2.086796510831462,-0.37060020550337347,0.5227401127939482,
203,KGZ,normal+ci,1,2020-3-21,25.983635137111577,1.0309178288295617,-2.7234830723394245,0.012682301327526787,,,35.72428735314808,0.5370206351803819,-2.588586811558759,-1.374180806957967,0.5227401127939482,
204,KHM,normal-ci,1,2020-3-18,6.205751658730835,0.5727505550010089,-2.588018554138477,0.1116128554062149,,,19.966271628218056,0.48128042043585884,-1.062344950987321,1.1189168726807879,1.1211238803299464,
205,KHM,normal,1,2020-3-18,7.513887072668336,0.5727505550010089,-2.588018554138477,0.09199356718676652,,,19.148311911311577,0.5191556940861182,-1.0654310335361339,1.1127447075831625,1.1211238803299464,
206,KHM,normal+ci,1,2020-3-18,9.476917431725305,0.5727505550010089,-2.588018554138477,0.07237427896731813,,,20.634471504526633,0.5800426809406377,-1.0771477209690918,1.0893113327172463,1.1211238803299464,
207,KOR,normal-ci,1,2020-3-15,12.022093686419137,0.0942145953092688,-1.0706725418863599,0.05612343117082675,,,3.5902570931211697,0.6617635953168476,-2.1982822487031632,-1.0820182086788233,-1.03971350776115,
208,KOR,normal,1,2020-3-15,14.55172851423352,0.0942145953092688,-1.0706725418863599,0.044844138041721514,,,3.3137897717802574,0.6439076713432692,-2.2242443998942103,-1.1339425110609174,-1.03971350776115,
209,KOR,normal+ci,1,2020-3-15,18.021677367167037,0.0942145953092688,-1.0706725418863599,0.03356484491261628,,,3.8733801211330823,0.6688851010665559,-2.282072196266321,-1.249598103805139,-1.03971350776115,
210,KWT,normal-ci,1,2020-2-26,14.71073598378155,1.000091974764166,-2.999846898741556,0.04599383992137068,,,30.939715874927188,0.793703437121585,-1.1397133428562758,4.848216729759028,5.05138178987211,
211,KWT,normal,1,2020-2-26,17.483965745398557,1.000091974764166,-2.999846898741556,0.03767913898097797,,,29.061349764759427,0.7975957604614209,-1.25104303018103,4.625557355109519,5.05138178987211,
212,KWT,normal+ci,1,2020-2-26,21.1965771480641,1.000091974764166,-2.999846898741556,0.029364438040585267,,,32.73340900680342,0.8453916981526782,-1.4843848319208197,4.15887375162994,5.05138178987211,
213,LBN,normal-ci,1,2020-3-13,7.135372631073649,1.2590750963608761,-2.9655424133002954,0.09702480275120194,,,22.779489568144193,0.5226860054667455,0.8160191394367733,3.0458788980444984,3.0496255788022877,
214,LBN,normal,1,2020-3-13,8.46331864256599,1.2590750963608761,-2.9655424133002954,0.08159462732136845,,,21.80979696975204,0.5571380083430806,0.8121140849305345,3.03806878903202,3.0496255788022877,
215,LBN,normal+ci,1,2020-3-13,10.355899621220669,1.2590750963608761,-2.9655424133002954,0.06616445189153496,,,23.431578174136106,0.6101650788297595,0.8000687848669491,3.0139781889048494,3.0496255788022877,
216,LBY,normal-ci,1,2020-3-21,7.8638768324544905,0.6908086688255279,-1.7032999190081097,0.08771915291481797,,,14.898447085167419,0.40986988952799225,0.05582888049844613,1.3997887907568098,1.408796886101551,
217,LBY,normal,1,2020-3-21,10.09299991731827,0.6908086688255279,-1.7032999190081097,0.06744776533565154,,,14.18667264237454,0.42131859888063494,0.04351212056714924,1.375155270894216,1.408796886101551,
218,LBY,normal+ci,1,2020-3-21,13.727509168188426,0.6908086688255279,-1.7032999190081097,0.047176377756485116,,,15.84086489467623,0.4648551404541937,-0.002486026916015445,1.2831589759278865,1.408796886101551,
219,LCA,normal-ci,1,2020-3-31,2.9097751459798253,-0.16168298905338604,-1.126166800840947,0.23821261232163976,,,2.9443055987072677,0.42637890238610177,-2.9825920060741207,-1.5258211921890477,-1.5258152433961927,
220,LCA,normal,1,2020-3-31,3.610377434732796,-0.16168298905338604,-1.126166800840947,0.1919802658900315,,,2.84473971305942,0.47917098964397187,-2.982626851001757,-1.5258908820443202,-1.5258152433961927,
221,LCA,normal+ci,1,2020-3-31,4.75353023507969,-0.16168298905338604,-1.126166800840947,0.14574791945842325,,,3.0454223612678177,0.5663332681704829,-2.9830699027745813,-1.526776985589969,-1.5258152433961927,
222,LKA,normal-ci,1,2020-3-15,6.841028951764692,0.5102616656452652,-2.4736110620270564,0.10121143609222985,,,19.01404341434076,0.5089022774909658,-1.3691092828364788,0.9321389307667706,0.9356261323065506,
223,LKA,normal,1,2020-3-15,8.265619029729212,0.5102616656452652,-2.4736110620270564,0.08353826221898977,,,18.290753692782562,0.5475427702106205,-1.373480700159646,0.9233960961204359,0.9356261323065506,
224,LKA,normal+ci,1,2020-3-15,10.383011839259332,0.5102616656452652,-2.4736110620270564,0.0658650883457497,,,19.5985383753424,0.6101717227623288,-1.3888117876913169,0.8927339210570938,0.9356261323065506,
225,LSO,normal-ci,1,2020-3-13,9.327671315245908,0.8022860824448825,-2.8139174893581598,0.07382241279189268,,,6.6868035633460625,0.6789040366277557,-0.8356102757380974,2.438183630492183,2.468219511014089,
226,LSO,normal,1,2020-3-13,10.304856873300707,0.8022860824448825,-2.8139174893581598,0.0665114140843328,,,6.329597648072279,0.6950563572381345,-0.8462014521850503,2.4170012775982768,2.468219511014089,
227,LSO,normal+ci,1,2020-3-13,11.485668487053942,0.8022860824448825,-2.8139174893581598,0.05920041537677292,,,6.8126756481173185,0.7175296234816665,-0.8642618964930656,2.3808803889822463,2.468219511014089,
228,LUX,normal-ci,1,2020-3-20,10.494818181961257,0.45899034312419235,-2.1993024710272717,0.06472610785988289,,,4.311639008179491,0.8522206035120568,-1.7917171182127405,0.3769171641053852,0.43829999401833836,
229,LUX,normal,1,2020-3-20,11.702254602386422,0.45899034312419235,-2.1993024710272717,0.05730801081192466,,,4.026196357282168,0.8602935971846459,-1.8111034822949537,0.33814443594095855,0.43829999401833836,
230,LUX,normal+ci,1,2020-3-20,13.162351170962587,0.45899034312419235,-2.1993024710272717,0.04988991376396643,,,4.442811134457302,0.8805678035326294,-1.842735326517496,0.27488074749587416,0.43829999401833836,
231,LVA,normal-ci,1,2020-3-15,1.5637149590316652,0.03570893695499263,-1.0928057777574887,0.4432695208013851,,,11.141328446242852,0.1377714152374047,-1.0283499438229744,-0.05269357483346043,-0.052693574833418536,
232,LVA,normal,1,2020-3-15,2.3847755877377415,0.03570893695499263,-1.0928057777574887,0.29065509687091934,,,10.902371158616647,0.17409178905770323,-1.0283499448870321,-0.05269357696157544,-0.052693574833418536,
233,LVA,normal+ci,1,2020-3-15,5.020924376405018,0.03570893695499263,-1.0928057777574887,0.13804067294045358,,,11.924759729705404,0.29505226529431816,-1.0284039975200778,-0.05280168222766703,-0.052693574833418536,
234,MAC,normal-ci,3,2020-2-5,55.0,,,,0.0251053239894036,-1.319058104884479,31.9263068435705,0.9544447788744401,-2.3729600388798673,15.315965778371822,,
235,MAC,normal,3,2020-2-5,55.0,,,,0.023649177869243587,-1.319058104884479,30.97270605678717,0.8530153329504587,-3.398944037710595,13.263997780710367,,
236,MAC,normal+ci,3,2020-2-5,55.00000000000001,,,,0.022193031749083575,-1.319058104884479,31.926306849327865,0.7769210127705055,-4.424928036541322,11.212029783048912,,
237,MAR,normal-ci,1,2020-3-15,7.598151218300911,0.5862059316360302,-2.840086063210035,0.09102048885544482,,,7.143679068882573,0.7692912191592324,-1.1241181667323787,0.7979476607959608,0.8039575750974813,
238,MAR,normal,1,2020-3-15,8.437719521112221,0.5862059316360302,-2.840086063210035,0.08179297207017945,,,6.854402248958877,0.8028156027139778,-1.1268990695260728,0.7923858552085727,0.8039575750974813,
239,MAR,normal+ci,1,2020-3-15,9.472508553028224,0.5862059316360302,-2.840086063210035,0.07256545528491408,,,7.255976411652827,0.8460741051703726,-1.132253526603567,0.7816769410535847,0.8039575750974813,
240,MEX,normal-ci,1,2020-3-16,18.067287416677438,1.4337788048213103,-4.714313406191373,0.03319416743842207,,,6.2716407199768085,1.0423153268093817,-2.901636677974339,0.17511468465416113,0.8430814906859709,
241,MEX,normal,1,2020-3-16,19.176743740195704,1.4337788048213103,-4.714313406191373,0.030200675687646904,,,4.981981968490078,0.9924543218841214,-2.9794936037384216,0.019400833125996372,0.8430814906859709,
242,MEX,normal+ci,1,2020-3-16,20.37495463307056,1.4337788048213103,-4.714313406191373,0.027207183936871736,,,6.604447075864539,0.9575432911249729,-3.0755002364481063,-0.1726124322933742,0.8430814906859709,
243,MKD,normal-ci,1,2020-3-12,11.600034800907999,0.25702434214811226,-1.5114221883036638,0.05863630104576548,,,11.57219947864899,0.5130641525115535,-1.982067721964402,-0.20393664761070898,-0.15691945378478653,
244,MKD,normal,1,2020-3-12,14.624541470216016,0.25702434214811226,-1.5114221883036638,0.04498967350835563,,,10.717802970237864,0.49616111830128984,-2.023094699790881,-0.28599060326366676,-0.15691945378478653,
245,MKD,normal+ci,1,2020-3-12,19.12234988836363,0.25702434214811226,-1.5114221883036638,0.031343045970945775,,,12.627244603386595,0.5256574916363633,-2.135721565769186,-0.5112443352202766,-0.15691945378478653,
246,MLI,normal-ci,3,2020-3-20,33.0,,,,0.019633443330092964,-0.5784324380785083,8.173155457019654,0.5667975567939857,0.026764569620679492,1.2353112726432922,,
247,MLI,normal,3,2020-3-20,33.0,,,,0.017994557988994745,-0.5784324380785083,7.909876427098202,0.4596529013299558,-0.07411786054278,1.0335464123163733,,
248,MLI,normal+ci,3,2020-3-20,33.0,,,,0.016355672647896526,-0.5784324380785083,8.173155458481778,0.3822220231951242,-0.1750002907062395,0.8317815519894542,,
249,MMR,normal-ci,3,2020-3-15,35.5,,,,0.037771680814555675,-1.558830561709625,14.647326077846369,1.0116103609194145,-0.6691991892315065,1.9293592970490903,,
250,MMR,normal,3,2020-3-15,35.5,,,,0.035806508788728264,-1.558830561709625,14.176807497574671,0.9135959331806347,-0.8043960969303341,1.6589654816514352,,
251,MMR,normal+ci,3,2020-3-15,35.5,,,,0.03384133676290085,-1.558830561709625,14.647326079972181,0.83702960768321,-0.9395930046291613,1.3885716662537808,,
252,MNE,normal-ci,3,2020-3-8,39.0,,,,0.02190992849453014,-0.8139378952095482,5.378822225826718,0.7878575947251386,0.24195290012326998,1.3042010080541977,,
253,MNE,normal,3,2020-3-8,39.0,,,,0.020885822580936596,-0.8139378952095482,5.209715903887048,0.7075356338182445,0.1923016851817332,1.2048985781711243,,
254,MNE,normal+ci,3,2020-3-8,39.0,,,,0.01986171666734305,-0.8139378952095482,5.378822225931058,0.6405493957273303,0.14265047024019634,1.1055961482880505,,
255,MNG,normal-ci,1,2020-1-29,4.553032441414286,0.3779506266868412,-3.5344667220460515,0.15223857310425584,,,19.404629779054577,0.6160864256182186,-3.359999087458215,0.2624998034235133,0.26249993659851584,
256,MNG,normal,1,2020-1-29,5.158597873859874,0.3779506266868412,-3.5344667220460515,0.13436733173547302,,,19.057883149878055,0.6731115348724219,-3.359999559728738,0.2624988588824664,0.26249993659851584,
257,MNG,normal+ci,1,2020-1-29,5.949950548531037,0.3779506266868412,-3.5344667220460515,0.11649609036669022,,,19.570330906798834,0.7477862029982804,-3.3600033815685224,0.2624912152028979,0.26249993659851584,
258,MOZ,normal-ci,1,2020-3-14,18.23042990243141,1.2047296315046028,-2.269349583819827,0.03322122267676516,,,7.696553291435479,0.8736872841425138,0.2205917557841491,2.2188307821665014,2.621111279411768,
259,MOZ,normal,1,2020-3-14,20.857538239437808,1.2047296315046028,-2.269349583819827,0.026678596992638904,,,5.999339133126804,0.7387424753719497,0.0995645457375066,1.9767763620732164,2.621111279411768,
260,MOZ,normal+ci,1,2020-3-14,23.956346196319323,1.2047296315046028,-2.269349583819827,0.02013597130851265,,,8.879184754516778,0.6835652762729266,-0.09428541197887293,1.5890764466404572,2.621111279411768,
261,MTQ,normal-ci,1,2020-3-13,1.853531616635515,0.3054922491462859,-1.3530901816454066,0.37396026824551043,,,24.323279745960466,0.11441304046430359,-0.3409886016973857,1.0705679246132669,1.0705679246172013,
262,MTQ,normal,1,2020-3-13,2.917116557359841,0.3054922491462859,-1.3530901816454066,0.23761380035190174,,,24.02397280938723,0.1491122524229065,-0.34098864304868554,1.0705678419106672,1.0705679246172013,
263,MTQ,normal+ci,1,2020-3-13,6.8386468599059445,0.3054922491462859,-1.3530901816454066,0.10126733245829309,,,26.56173355226771,0.2808486181498956,-0.3418579017069921,1.068829324594054,1.0705679246172013,
264,MUS,normal-ci,1,2020-3-16,6.494965455965577,0.5514632408865762,-1.7507868210436746,0.10663245976665955,,,13.619124882220293,0.42128743773916555,-0.259658283197685,0.9932089957776611,0.9946461118674188,
265,MUS,normal,1,2020-3-16,8.127602646431672,0.5514632408865762,-1.7507868210436746,0.08496205419781377,,,13.056412301603423,0.4578816803539347,-0.26221505833615105,0.988095445500729,0.9946461118674188,
266,MUS,normal+ci,1,2020-3-16,10.764579758038447,0.5514632408865762,-1.7507868210436746,0.063291648628968,,,14.207850295556705,0.5239319294466684,-0.2738693575441998,0.9647868470846316,0.9946461118674188,
267,MWI,normal-ci,1,2020-3-14,18.70310139656067,1.6117293270069146,-2.8891731047380627,0.03195609881412857,,,7.813434881945281,0.9843183389560615,0.9460788963088401,3.6367810437439365,4.235876070218753,
268,MWI,normal,1,2020-3-14,20.806363848805,1.6117293270069146,-2.8891731047380627,0.026795877055474628,,,6.059723488564658,0.8720938075307386,0.811294498651952,3.3672122484301603,4.235876070218753,
269,MWI,normal+ci,1,2020-3-14,23.203655517469294,1.6117293270069146,-2.8891731047380627,0.021635655296820683,,,8.736133346878248,0.8178295004503949,0.6158625140550513,2.976348279236359,4.235876070218753,
270,MYS,normal-ci,1,2020-3-18,9.239378807043629,1.2200222184242988,-4.235802737576437,0.07433266644406263,,,31.609884621980022,0.7870528817867434,-1.3983956824293378,2.733169152080323,2.786224601976971,
271,MYS,normal,1,2020-3-18,10.715578802396895,1.2200222184242988,-4.235802737576437,0.06344596901320887,,,30.126967596485873,0.8149124473654616,-1.4274847865104658,2.674990943918067,2.786224601976971,
272,MYS,normal+ci,1,2020-3-18,12.661716075489007,1.2200222184242988,-4.235802737576437,0.05255927158235511,,,32.647476279476926,0.8650820679191368,-1.4884716872511665,2.5530171424366657,2.786224601976971,
273,NAM,normal-ci,1,2020-3-15,18.87140462750147,2.3031013818962727,-5.025730903233378,0.03126570624671361,,,18.601833535689785,1.1509842739457934,-0.8498849812421986,3.3851719508723823,4.417346178307245,
274,NAM,normal,1,2020-3-15,20.763103612438066,2.3031013818962727,-5.025730903233378,0.026597485666867843,,,14.15577339680714,1.039290519297551,-1.0526956903000368,2.979550532756706,4.417346178307245,
275,NAM,normal+ci,1,2020-3-15,22.88671885678547,2.3031013818962727,-5.025730903233378,0.021929265087022073,,,20.663264887051334,0.9886535123652791,-1.335206478308236,2.4145289567403077,4.417346178307245,
276,NGA,normal-ci,3,2020-3-21,32.5,,,,0.08802675555934748,-2.6884960234950954,13.256600369012272,1.0033637912459101,0.21890001252790423,5.3121500747726955,,
277,NGA,normal,3,2020-3-21,32.5,,,,0.08589154269108401,-2.6884960234950954,12.829569084447865,0.9541998613221625,0.09535606267896554,5.065062175074819,,
278,NGA,normal+ci,3,2020-3-21,32.5,,,,0.08375632982282054,-2.6884960234950954,13.256600370754292,0.9096475670923008,-0.028187887169973152,4.817974275376941,,
279,NIC,normal-ci,1,2020-3-21,1.6756578108878784,-0.324571039019738,-0.7681997429257441,0.41365675978352967,,,6.311287027051048,0.12912120143124936,-2.5125220784177804,-1.739746465501168,-1.739746465497918,
280,NIC,normal,1,2020-3-21,2.6056974309591396,-0.324571039019738,-0.7681997429257441,0.266012139925084,,,6.177411699214743,0.1648801238396668,-2.5125221023360416,-1.739746513337691,-1.739746465497918,
281,NIC,normal+ci,1,2020-3-21,5.852041851971178,-0.324571039019738,-0.7681997429257441,0.11836752006663834,,,7.135211785155631,0.29414253155034703,-2.512874157281672,-1.7404506232289527,-1.739746465497918,
282,NLD,normal-ci,1,2020-3-13,3.1694791054858626,0.13987309008614532,-3.4508796437547318,0.21869431566211253,,,10.496478944271201,0.5953724940125789,-3.0115868735104008,-0.4376198394205858,-0.43761923927252505,
283,NLD,normal,1,2020-3-13,3.5973205858005386,0.13987309008614532,-3.4508796437547318,0.19268407848554997,,,10.16929442070927,0.6441940552750051,-3.011588577188018,-0.43762324677581915,-0.43761923927252505,
284,NLD,normal+ci,1,2020-3-13,4.158672872057307,0.13987309008614532,-3.4508796437547318,0.1666738413089874,,,10.654671414070467,0.7085470954806142,-3.011599953536803,-0.43764599947338934,-0.43761923927252505,
285,NOR,normal-ci,1,2020-3-13,6.144152283014607,0.6265178100348185,-3.5754818323808735,0.11277085146857108,,,9.930662155657561,0.7851071788915001,-2.2950030690057184,1.2530910381038736,1.254978639380498,
286,NOR,normal,1,2020-3-13,6.7908115053401,0.6265178100348185,-3.5754818323808735,0.10198530056614978,,,9.617289686779904,0.8278891452320462,-2.2961333218414173,1.2508305324324762,1.254978639380498,
287,NOR,normal+ci,1,2020-3-13,7.586246220732896,0.6265178100348185,-3.5754818323808735,0.09119974966372849,,,10.048320631864625,0.8810990807106825,-2.2986171142073384,1.245862947700634,1.254978639380498,
288,NPL,normal-ci,1,2020-3-21,2.679504439962929,-0.19841359469398231,-1.7640406047938757,0.2586848226057804,,,26.79867949273666,0.181667746062398,-3.300414018646781,-1.563860763456525,-1.5638605903682266,
289,NPL,normal,1,2020-3-21,3.82647696389375,-0.19841359469398231,-1.7640406047938757,0.1811429905790639,,,25.801900586470502,0.21926493738734404,-3.300427303507757,-1.563887333178478,-1.5638605903682266,
290,NPL,normal+ci,1,2020-3-21,6.679058637511812,-0.19841359469398231,-1.7640406047938757,0.10360115855234742,,,29.470165843321194,0.31468300302416635,-3.302479865812099,-1.567992457787161,-1.5638605903682266,
291,NZL,normal-ci,1,2020-3-16,8.92819705156035,0.11694599384604021,-2.886020290165127,0.07713056677249361,,,6.400728734291678,0.7759641243296053,-4.010515664276311,-1.2003008466850462,-1.1747784994640345,
292,NZL,normal,1,2020-3-16,9.847015558522084,0.11694599384604021,-2.886020290165127,0.06961782408306537,,,6.112214288581027,0.7977946419188648,-4.019345980279631,-1.2179614786916868,-1.1747784994640345,
293,NZL,normal+ci,1,2020-3-16,10.953841411096423,0.11694599384604021,-2.886020290165127,0.062105081393637136,,,6.511080345690787,0.8273510711457835,-4.034286587005297,-1.2478426921430157,-1.1747784994640345,
294,OMN,normal-ci,1,2020-3-6,29.674415588378906,6.300033928114733,-7.794493685893407,0.013518607728519637,,,234.6541880153948,3.743059475713047,2.4714645934751514,8.501327324368297,14.688764531153122,
295,OMN,normal,1,2020-3-6,35.29818115177876,6.300033928114733,-7.794493685893407,0.00593211883884467,,,33.90483801401528,0.644856966360936,-0.11107876089749383,3.336240615623007,14.688764531153122,
296,OMN,normal+ci,0,2020-3-6,,6.300033928114733,-7.794493685893407,-0.001654370050830297,,,,,,,,
297,PAK,normal-ci,1,2020-3-19,5.067979559750189,0.19783388182462475,-3.5205965812011195,0.1367492204469548,,,51.57995897224905,0.36656062529820216,-3.876905393271537,-1.09518625018899,-1.0946024060631008,
298,PAK,normal,1,2020-3-19,6.369999616347947,0.19783388182462475,-3.5205965812011195,0.10870652568813759,,,49.420905852941004,0.4046516073080982,-3.8785244052105163,-1.098424274066949,-1.0946024060631008,
299,PAK,normal+ci,1,2020-3-19,8.537418126350897,0.19783388182462475,-3.5205965812011195,0.08066383092932036,,,53.844010967161594,0.4708112724653721,-3.8891225249021533,-1.1196205134502222,-1.0946024060631008,
300,PAN,normal-ci,1,2020-3-13,9.113950121207704,0.21592688353870856,-3.171141213459257,0.07561472539914849,,,15.802825913865401,0.7981316296848204,-3.3591213436969043,-0.7771060769944598,-0.7563339486152998,
301,PAN,normal,1,2020-3-13,10.422064521645932,0.21592688353870856,-3.171141213459257,0.06571929688365068,,,15.13774510078066,0.8328853705699685,-3.3701233049663872,-0.7991099995334272,-0.7563339486152998,
302,PAN,normal+ci,1,2020-3-13,12.114891307621438,0.21592688353870856,-3.171141213459257,0.05582386836815287,,,16.185711548468184,0.8854133286849287,-3.3927796474880743,-0.8444226845768007,-0.7563339486152998,
303,PER,normal-ci,1,2020-3-15,11.356762531761028,-0.03243013410304784,-2.7464867289047428,0.05977972978267515,,,3.4717478076822395,0.9277605061727612,-2.916972475698065,-1.394712871368331,-1.3504039412169837,
304,PER,normal,1,2020-3-15,12.245712878978395,-0.03243013410304784,-2.7464867289047428,0.05497160851056601,,,3.25320867457476,0.9371826738616932,-2.92598675064014,-1.4127414212524811,-1.3504039412169837,
305,PER,normal+ci,1,2020-3-15,13.259637399193839,-0.03243013410304784,-2.7464867289047428,0.05016348723845687,,,3.5372841456235173,0.9525805650874718,-2.9386687807030802,-1.438105481378361,-1.3504039412169837,
306,PHL,normal-ci,1,2020-3-12,2.1437680241241157,0.48861179114708386,-1.9580864083195677,0.32333124326850426,,,10.808839453255128,0.3502024042821276,-0.1116523217132939,1.3261540099781908,1.326154010095027,
307,PHL,normal,1,2020-3-12,2.7225210924582735,0.48861179114708386,-1.9580864083195677,0.25459754045856287,,,10.605789624197858,0.4045807253098525,-0.11165233110630904,1.3261539911921605,1.326154010095027,
308,PHL,normal+ci,1,2020-3-12,3.729322098408142,0.48861179114708386,-1.9580864083195677,0.18586383764862147,,,10.96090854621379,0.5005708718116977,-0.11165385079435183,1.326150951816075,1.326154010095027,
309,POL,normal-ci,1,2020-3-12,6.437719819341831,-0.3549877510542259,-2.7356198998944574,0.10761563833247106,,,12.111846233400534,0.740616814002657,-4.737919879316804,-2.3486159359385024,-2.3469528160601305,
310,POL,normal,1,2020-3-12,7.397083432083406,-0.3549877510542259,-2.7356198998944574,0.09357257468183787,,,11.760356980061669,0.7961048591662774,-4.739439070286502,-2.3516543178779004,-2.3469528160601305,
311,POL,normal+ci,1,2020-3-12,8.680685879785855,-0.3549877510542259,-2.7356198998944574,0.07952951103120467,,,12.330238923301202,0.8720956702600882,-4.743733697028966,-2.3602435713628287,-2.3469528160601305,
312,PRI,normal-ci,1,2020-3-14,11.95104488331203,0.4298981593189084,-1.548031394714895,0.05658808308297307,,,5.002785628496643,0.9528747533905235,-0.47408192348186906,0.606689763274329,0.644079094616644,
313,PRI,normal,1,2020-3-14,13.973862647208296,0.4298981593189084,-1.548031394714895,0.047260144969744865,,,4.666047865857037,0.9641300083841203,-0.49197999448138446,0.5708936212752982,0.644079094616644,
314,PRI,normal+ci,1,2020-3-14,16.6094993835921,0.4298981593189084,-1.548031394714895,0.03793220685651666,,,5.277593415185724,1.017332196626391,-0.5270134853455045,0.5008266395470581,0.644079094616644,
315,PRT,normal-ci,1,2020-3-13,6.658258291407671,1.1796239013034118,-5.075981723834239,0.10402778444377182,,,20.88364764783178,0.8679123975133072,-2.0526999214298405,2.200319784456716,2.2046042980017573,
316,PRT,normal,1,2020-3-13,7.366641623437674,1.1796239013034118,-5.075981723834239,0.09395015164707662,,,20.325974771924077,0.9144991861718581,-2.05502828435626,2.195663058603877,2.2046042980017573,
317,PRT,normal+ci,1,2020-3-13,8.238181571000368,1.1796239013034118,-5.075981723834239,0.08387251885038143,,,21.115117259700693,0.9727975658707145,-2.059887284126342,2.1859450590637137,2.2046042980017573,
318,PRY,normal-ci,1,2020-3-13,19.90626316666907,2.1508405921565608,-4.901588760414934,0.02918059857849464,,,21.40064133412434,0.9969266388411228,-1.163037846453218,1.3867804707562856,2.074395469839243,
319,PRY,normal,1,2020-3-13,22.060483822952484,2.1508405921565608,-4.901588760414934,0.024330987257969786,,,15.810993800654005,0.8624513353854403,-1.309082458656475,1.094691246349771,2.074395469839243,
320,PRY,normal+ci,1,2020-3-13,24.488557091112213,2.1508405921565608,-4.901588760414934,0.019481375937444933,,,24.257216032610135,0.7960483524168799,-1.5171647773729566,0.6785266089168079,2.074395469839243,
321,QAT,normal-ci,3,2020-3-12,37.0,,,,0.038801536817551885,-1.2388408183068647,8.516728482667943,0.9040959138355849,0.6983398596611927,4.357754871975461,,
322,QAT,normal,3,2020-3-12,37.0,,,,0.0374041622918001,-1.2388408183068647,8.247603730237994,0.8361621050902843,0.5665519528727049,4.094179058398485,,
323,QAT,normal+ci,3,2020-3-12,37.0,,,,0.03600678776604832,-1.2388408183068647,8.516728484360943,0.7773795162221769,0.43476404608421754,3.83060324482151,,
324,ROU,normal-ci,1,2020-3-11,15.870251054423893,0.9983607279784725,-3.027009404995381,0.040785552888364565,,,16.5249837175287,1.0422351873048783,-1.6795576640810546,1.627912812332538,1.9537003866517164,
325,ROU,normal,1,2020-3-11,18.32122728665682,0.9983607279784725,-3.027009404995381,0.033613143538626475,,,14.42157531637058,0.9892429879975213,-1.795612906968259,1.3958023265581294,1.9537003866517164,
326,ROU,normal+ci,1,2020-3-11,21.337688325822988,0.9983607279784725,-3.027009404995381,0.026440734188888385,,,18.060600628629743,1.001222812557369,-1.994352822097827,0.9983224962989933,1.9537003866517164,
327,RUS,normal-ci,1,2020-3-18,27.48003444868852,6.252192421560114,-9.082933977319502,0.011566614498109971,,,21.56561265980215,1.5545134718773688,-1.1426483000062326,2.031139792388437,7.3395277857789765,
328,RUS,normal,1,2020-3-18,28.764911986884165,6.252192421560114,-9.082933977319502,0.009203641952152692,,,3.8569116444038336,1.0433351497201095,-1.6053051944136312,1.1058260035736391,7.3395277857789765,
329,RUS,normal+ci,1,2020-3-18,30.081234750793932,6.252192421560114,-9.082933977319502,0.006840669406195413,,,26.053967126227867,0.8651340391468152,-2.148608568396078,0.019219255608745326,7.3395277857789765,
330,RWA,normal-ci,1,2020-3-15,9.93331806245521,0.495749074604671,-2.529451739455085,0.06903420741229452,,,8.313186303222029,0.8553159350149221,-1.814450945902368,0.4575342516229089,0.49157612902411685,
331,RWA,normal,1,2020-3-15,11.250427170591664,0.495749074604671,-2.529451739455085,0.06039882095424762,,,7.884211421610592,0.8805860823729654,-1.8288535289563388,0.4287290855149684,0.49157612902411685,
332,RWA,normal+ci,1,2020-3-15,12.907157114386354,0.495749074604671,-2.529451739455085,0.051763434496200716,,,8.54651973415677,0.9222271541847524,-1.8554431248581458,0.37554989371135344,0.49157612902411685,
333,SAU,normal-ci,3,2020-3-23,31.499999999999996,,,,0.04015346949095445,-0.9705750330766338,12.853325710980759,0.8194382109740694,0.4366505681442484,2.8650647123340964,,
334,SAU,normal,3,2020-3-23,31.5,,,,0.03794659140962541,-0.9705750330766338,12.437673899492024,0.7261539590849915,0.3031823021352731,2.5981281803161456,,
335,SAU,normal+ci,3,2020-3-23,31.5,,,,0.035739713328296376,-0.9705750330766338,12.853325709073587,0.6520642463708144,0.16971403612629776,2.331191648298195,,
336,SDN,normal-ci,1,2020-3-11,10.093938058007371,0.9555693118847713,-3.2404744885357992,0.06807065459000537,,,12.852267410261026,0.758730377562561,-0.6223820887687775,1.5510693090543404,1.577592056632017,
337,SDN,normal,1,2020-3-11,11.343772126095015,0.9555693118847713,-3.2404744885357992,0.06013997587351598,,,12.23823638984409,0.7796257834379627,-0.63315920958087,1.5295150674301556,1.577592056632017,
338,SDN,normal+ci,1,2020-3-11,12.898401339558017,0.9555693118847713,-3.2404744885357992,0.05220929715702659,,,13.151244407476069,0.8119048662724089,-0.6526945733056377,1.4904443399806202,1.577592056632017,
339,SEN,normal-ci,1,2020-3-22,2.678606480480931,0.07129347561892867,-0.8396810864495589,0.2587715371475271,,,3.4426756902503097,0.3044760454448793,-0.7264467272478475,-0.029879709862269645,-0.029879620433410962,
340,SEN,normal,1,2020-3-22,3.5767854241866814,0.07129347561892867,-0.8396810864495589,0.19378939191117744,,,3.3900614664429747,0.36204417992789834,-0.726449544183098,-0.029885343732770644,-0.029879620433410962,
341,SEN,normal+ci,1,2020-3-22,5.379233807113774,0.07129347561892867,-0.8396810864495589,0.12880724667482782,,,3.5737924197154554,0.4791014497919232,-0.7266298233899879,-0.03024590214655066,-0.029879620433410962,
342,SGP,normal-ci,1,2020-4-4,14.316075958493933,1.8902105350608962,-3.5247803510742752,0.039793486198590994,,,9.327800613347183,1.1811396158958747,-0.564225622215747,1.6832061207212248,2.363212104989848,
343,SGP,normal,1,2020-4-4,16.10044088234676,1.8902105350608962,-3.5247803510742752,0.03191434309029129,,,6.348514435190461,0.9808147779271627,-0.732379762985295,1.346897839182129,2.363212104989848,
344,SGP,normal+ci,1,2020-4-4,18.13077284806353,1.8902105350608962,-3.5247803510742752,0.024035199981991596,,,11.202034385334567,0.9172551068432975,-0.983697333818938,0.8442626975148427,2.363212104989848,
345,SLE,normal-ci,1,2020-3-13,22.557344082901793,2.325363420174628,-3.9850620140295114,0.023292380813388126,,,16.458836724997553,1.4617893372244517,0.20601564882005824,3.0691012599908527,4.348455405200141,
346,SLE,normal,1,2020-3-13,25.172708230678715,2.325363420174628,-3.9850620140295114,0.018205268312209456,,,9.70326147557861,1.1396488237470983,-0.08164951780934081,2.4937709267320547,4.348455405200141,
347,SLE,normal+ci,1,2020-3-13,28.076472018767575,2.325363420174628,-3.9850620140295114,0.013118155811030787,,,20.552268260033962,1.0821892078651911,-0.49867878335035604,1.6597123956500244,4.348455405200141,
348,SLV,normal-ci,1,2020-3-31,0.7195662158842675,-0.840339271085837,-1.4992762904614534,0.9632847752699778,,,24.127494267315914,0.09261429811360362,-4.5590069652292184,-3.3858364851436167,-3.3858364851436167,
349,SLV,normal,1,2020-3-31,1.287105655262497,-0.840339271085837,-1.4992762904614534,0.5385316875314679,,,23.589584836759723,0.1147252955128073,-4.559006965229378,-3.3858364851439378,-3.3858364851436167,
350,SLV,normal+ci,1,2020-3-31,6.075251433448635,-0.840339271085837,-1.4992762904614534,0.1137785997929579,,,32.073873155132794,0.3379982133556845,-4.5612540690274965,-3.3903306927401733,-3.3858364851436167,
351,SOM,normal-ci,1,2020-3-21,1.2831843423081604,0.11225216166829015,-1.626590075672163,0.5401773990735648,,,15.679431971163863,0.18054900503783383,-1.3350936933402038,0.03238289804668625,0.032382898046687786,
352,SOM,normal,1,2020-3-21,1.8906820985362045,0.11225216166829015,-1.626590075672163,0.36661223007920507,,,15.346817733164562,0.22043948760144744,-1.3350936934014057,0.03238289792428215,0.032382898046687786,
353,SOM,normal+ci,1,2020-3-21,3.5905422485143044,0.11225216166829015,-1.626590075672163,0.19304706108484532,,,16.55631205967802,0.3378706746546733,-1.3350985503293302,0.03237318406843316,0.032382898046687786,
354,SRB,normal-ci,1,2020-3-14,8.822670941187287,0.2244189099253004,-4.3911059218389585,0.07815721984764165,,,15.010747260074202,0.7497431721698942,-4.241831356730801,-1.1341948786650016,-1.1117502845571297,
355,SRB,normal,1,2020-3-14,9.719012188186081,0.2244189099253004,-4.3911059218389585,0.07068667104044327,,,14.300576998070708,0.7723028873314122,-4.249825806356646,-1.1501837779166901,-1.1117502845571297,
356,SRB,normal+ci,1,2020-3-14,10.798696645124512,0.2244189099253004,-4.3911059218389585,0.06321612223324488,,,15.262855801601315,0.8020874790308653,-4.263515277644543,-1.1775627204924852,-1.1117502845571297,
357,SVK,normal-ci,1,2020-3-14,21.76187665293346,2.72960910065243,-5.672358092930303,0.02466110210588808,,,23.930937584147795,1.094840293816249,-1.2784001220257737,2.3279027657268294,3.798716931789902,
358,SVK,normal,1,2020-3-14,23.894668259624588,2.72960910065243,-5.672358092930303,0.0202570134978868,,,15.246704610047912,0.8960323710099902,-1.5528041566585906,1.7790946964611958,3.798716931789902,
359,SVK,normal+ci,1,2020-3-14,26.240847887548675,2.72960910065243,-5.672358092930303,0.015852924889885517,,,28.139355753332502,0.804412529913949,-1.9295971619175434,1.0255086859432903,3.798716931789902,
360,SVN,normal-ci,1,2020-3-19,0.5879098943227814,-0.30861653930008986,-0.5143782596710336,1.1790024070923104,,,4.372909556021828,0.06049788042857435,-1.7576943570150947,-1.268079899221525,-1.268079899221525,
361,SVN,normal,1,2020-3-19,1.1655743451474891,-0.30861653930008986,-0.5143782596710336,0.5946829418866761,,,4.298623105468939,0.07590596709304617,-1.7576943570150947,-1.268079899221525,-1.268079899221525,
362,SVN,normal+ci,1,2020-3-19,27.79799085038831,-0.30861653930008986,-0.5143782596710336,0.010363476681041872,,,13.87075046969041,1.8590057880509878,-2.0022065857498905,-1.7571043566911164,-1.268079899221525,
363,SWE,normal-ci,1,2020-3-13,7.656511922886223,0.5157633263984853,-3.7030532017794546,0.09035209422821083,,,10.243444377676907,0.8137983086651038,-3.872244715015468,0.48761741383559803,0.49954682856690563,
364,SWE,normal,1,2020-3-13,8.421583203073542,0.5157633263984853,-3.7030532017794546,0.0820081097787674,,,9.864299538766108,0.8481711696719502,-3.8772478861067285,0.47761107165307565,0.49954682856690563,
365,SWE,normal+ci,1,2020-3-13,9.346997217261666,0.5157633263984853,-3.7030532017794546,0.07366412532932395,,,10.380938522565526,0.891201509358413,-3.8864476957644634,0.4592114523376064,0.49954682856690563,
366,SWZ,normal-ci,1,2020-3-16,17.802793627899057,0.7502008692530474,-1.675323497484504,0.03394413076153301,,,7.156676940302951,1.068158220011969,-0.14178787649513963,1.1087649119628158,1.364954094294186,
367,SWZ,normal,1,2020-3-16,21.333805922973575,0.7502008692530474,-1.675323497484504,0.024961480637716596,,,5.440995291853483,0.8481538455889563,-0.2539131227056391,0.8845144195418171,1.364954094294186,
368,SWZ,normal+ci,1,2020-3-16,25.684266768592984,0.7502008692530474,-1.675323497484504,0.01597883051390018,,,9.095693060684953,0.8901740354191998,-0.46418514251022147,0.4639703799326522,1.364954094294186,
369,SYR,normal-ci,1,2020-3-1,26.976941227912903,1.938691489867724,-3.1304880744840484,0.01893682968483907,,,32.304535024934,1.9211247392941926,0.404896846905093,2.6042418375579515,3.7036496101590206,
370,SYR,normal,1,2020-3-1,32.27833473288291,1.938691489867724,-3.1304880744840484,0.011779594017874649,,,15.344129481961424,1.014872576361873,-0.055438825790169455,1.6835704921674268,3.7036496101590206,
371,SYR,normal+ci,1,2020-3-1,38.352010774233065,1.938691489867724,-3.1304880744840484,0.004622358350910226,,,53.90706590347143,1.6841822591808011,-0.9012710118572599,-0.008093879966754114,3.7036496101590206,
372,THA,normal-ci,3,2020-2-26,44.5,,,,0.03515223451507109,-1.3175672933036893,14.719269086289154,1.1258863178946823,1.6880142722043614,4.727856567457406,,
373,THA,normal,3,2020-2-26,44.5,,,,0.0337646919224164,-1.3175672933036893,14.259195880983674,1.043786502026348,1.5680244417482518,4.4878769065451865,,
374,THA,normal+ci,3,2020-2-26,44.5,,,,0.03237714932976171,-1.3175672933036893,14.719269091860903,0.9754890249198709,1.4480346112921423,4.247897245632967,,
375,TTO,normal-ci,1,2020-3-14,6.283455333871084,0.0296366822248926,-1.4569572999374714,0.1102562920279744,,,4.547262755404545,0.6722635812108719,-2.0541690195075057,-0.6252494905199523,-0.6242295698602397,
376,TTO,normal,1,2020-3-14,7.3806228975014285,0.0296366822248926,-1.4569572999374714,0.09375597404566736,,,4.435071542504855,0.7293752428155772,-2.0553320292844797,-0.6275755100738997,-0.6242295698602397,
377,TTO,normal+ci,1,2020-3-14,8.922518365821837,0.0296366822248926,-1.4569572999374714,0.07725565606336032,,,4.631483986330758,0.8122617362083706,-2.059147386042477,-0.6352062235898955,-0.6242295698602397,
378,TUN,normal-ci,1,2020-3-12,9.067688965394165,0.49378746125245365,-1.9716483579392223,0.07604534780200062,,,17.442025818792743,0.4783170690078194,-0.9496084633835093,0.4489749125114419,0.4590756772516412,
379,TUN,normal,1,2020-3-12,11.255415980568866,0.49378746125245365,-1.9716483579392223,0.060585473816707085,,,16.59307327136439,0.49682751862552743,-0.9604132351912508,0.42736536889595916,0.4590756772516412,
380,TUN,normal+ci,1,2020-3-12,14.58816075130693,0.49378746125245365,-1.9716483579392223,0.04512559983141355,,,18.336003906190864,0.5436303709244934,-0.9943337010716886,0.3595244371350833,0.4590756772516412,
381,TUR,normal-ci,1,2020-3-25,24.809057235717773,12.54733311775481,-13.646508984138542,0.012528849318883595,,,631.878249275527,16.807594866912996,3.9373620795840236,9.355079422485563,18.798511633840633,
382,TUR,normal,1,2020-3-25,28.98028802871704,12.54733311775481,-13.646508984138542,0.0032727394046811803,,,14.70016774446623,0.7076240478233788,0.354599084020878,2.1895534313592724,18.798511633840633,
383,TUR,normal+ci,0,2020-3-25,,12.54733311775481,-13.646508984138542,-0.005983370509521235,,,,,,,,
384,TWN,normal-ci,1,2020-3-16,6.328153628366236,0.19988184181973703,-1.3782070134602966,0.10945957480126337,,,13.738757736956055,0.31224163730722937,-1.080501183822509,-0.3454369188281792,-0.3447452131459132,
385,TWN,normal,1,2020-3-16,8.353751399874408,0.19988184181973703,-1.3782070134602966,0.0826060835498168,,,13.130017872372367,0.34069001436651547,-1.082421299973541,-0.34927715113024366,-0.3447452131459132,
386,TWN,normal+ci,1,2020-3-16,12.074067172477594,0.19988184181973703,-1.3782070134602966,0.055752592298370235,,,14.602829523057833,0.40412606909263904,-1.0950015744201564,-0.37443770002347415,-0.3447452131459132,
387,TZA,normal-ci,1,2020-3-15,12.621980369699564,1.3116239223377897,-2.9128998922092495,0.05311196569477419,,,9.92800547827708,0.7625399940567793,0.4788557067039765,2.4176891927480098,2.50909773314085,
388,TZA,normal,1,2020-3-15,14.211097775469732,1.3116239223377897,-2.9128998922092495,0.04617113102004341,,,9.062764679032874,0.7503038652072794,0.4497470271360768,2.35947183361221,2.50909773314085,
389,TZA,normal+ci,1,2020-3-15,16.142340245344855,1.3116239223377897,-2.9128998922092495,0.03923029634531263,,,10.35979043056986,0.7525011840118045,0.4020992652779405,2.2641763098959378,2.50909773314085,
390,UGA,normal-ci,1,2020-3-24,8.16915516913399,0.9927182970274336,-4.925131860245478,0.08418898687221649,,,9.994057819693355,0.8723820608465286,-3.462600632993693,1.2176341721350379,1.2685389656169563,
391,UGA,normal,1,2020-3-24,8.834411945188815,0.9927182970274336,-4.925131860245478,0.0775389967775831,,,9.485124700193815,0.8922955533764091,-3.4755886481328133,1.1916581418567986,1.2685389656169563,
392,UGA,normal+ci,1,2020-3-24,9.604948338737838,0.9927182970274336,-4.925131860245478,0.0708890066829497,,,10.141465369849382,0.9176837776719231,-3.4952042724110965,1.1524268933002315,1.2685389656169563,
393,UKR,normal-ci,1,2020-3-16,13.214267125878607,0.7239268210471338,-2.26210349712507,0.050240038690016336,,,3.48923213158324,0.9413583728348547,-0.9836719583158275,1.372907990295305,1.5171446137973141,
394,UKR,normal,1,2020-3-16,14.491252558256832,0.7239268210471338,-2.26210349712507,0.04492086179484698,,,3.163836039564426,0.9318767987449535,-1.0162066733945876,1.307838560137785,1.5171446137973141,
395,UKR,normal+ci,1,2020-3-16,15.97141286568976,0.7239268210471338,-2.26210349712507,0.03960168489967762,,,3.6148454712075075,0.9348908129641998,-1.0634187659598127,1.2134143750073347,1.5171446137973141,
396,URY,normal-ci,1,2020-3-15,14.125252852307682,2.0478196958124504,-5.722700531808803,0.04651352768600677,,,13.504808103677705,0.9941462662224329,-1.168250436321472,2.4435232444384756,2.7194477831981567,
397,URY,normal,1,2020-3-15,15.172300263971263,2.0478196958124504,-5.722700531808803,0.042547205248060306,,,12.13211080198258,0.9834823789578705,-1.2131240854706087,2.3537759461402024,2.7194477831981567,
398,URY,normal+ci,1,2020-3-15,16.34306672720527,2.0478196958124504,-5.722700531808803,0.03858088281011384,,,13.908172389417848,0.9812238017557452,-1.2725933512112335,2.2348374146589527,2.7194477831981567,
399,USA,normal-ci,1,2020-3-14,8.316410598330794,0.4070848279738436,-3.0021723218170786,0.0830429483357529,,,2.9884585964175683,0.9970415791443501,-2.863697725296332,0.12650520216560057,0.1416807549667041,
400,USA,normal,1,2020-3-14,8.872178360150958,0.4070848279738436,-3.0021723218170786,0.07770780769444874,,,2.8766960472356238,1.0248750377963725,-2.867251357925358,0.11939793690754924,0.1416807549667041,
401,USA,normal+ci,1,2020-3-14,9.502273626755304,0.4070848279738436,-3.0021723218170786,0.07237266705314457,,,3.0156253812372102,1.0574320633916012,-2.8724692864159693,0.10896207992632637,0.1416807549667041,
402,UZB,normal-ci,1,2020-3-15,10.415864076533726,0.5005359824398938,-2.158859355079264,0.06564328720674352,,,10.176374966856937,0.6758521738955743,-1.8451414668949786,1.1072253374542231,1.1636181291701981,
403,UZB,normal,1,2020-3-15,12.216114283526615,0.5005359824398938,-2.158859355079264,0.0551220012071944,,,9.59366113360759,0.6856227341897779,-1.8764587074252883,1.044590856393603,1.1636181291701981,
404,UZB,normal+ci,1,2020-3-15,14.615607746688038,0.5005359824398938,-2.158859355079264,0.044600715207645275,,,10.60738421239729,0.7168807426238285,-1.9425594557263428,0.9123893597914939,1.1636181291701981,
405,VEN,normal-ci,1,2020-3-17,7.8092236941859206,-0.46380839248473277,-2.113745099563134,0.08847453214066837,,,10.253637716104496,0.6495442581341386,-3.6650269615869773,-2.1254070692071565,-2.118518040832222,
406,VEN,normal,1,2020-3-17,9.224120640715729,-0.46380839248473277,-2.113745099563134,0.07451275166692822,,,9.869773775701349,0.6871540979476491,-3.6706087761883937,-2.1365706984099893,-2.118518040832222,
407,VEN,normal+ci,1,2020-3-17,11.196097981325117,-0.46380839248473277,-2.113745099563134,0.06055097119318807,,,10.56372492524177,0.7477385666121206,-3.685235887905423,-2.165824921844047,-2.118518040832222,
408,VIR,normal-ci,1,2020-4-11,7.1724295564362155,0.15337844041461016,-1.5256247741942939,0.09447456467160065,,,9.415864564591653,0.45388810938048696,-2.0481889946582923,-0.7799596881569635,-0.7396164635274268,
409,VIR,normal,1,2020-4-11,9.56348710758865,0.15337844041461016,-1.5256247741942939,0.06717319802909237,,,8.491717277328778,0.40032689808556393,-2.0950739406634296,-0.8737295801672385,-0.7396164635274268,
410,VIR,normal+ci,1,2020-4-11,13.382064114956112,0.15337844041461016,-1.5256247741942939,0.0398718313865841,,,11.128267712689974,0.41832438188354165,-2.2509337235632505,-1.1854491459668797,-0.7396164635274268,
411,VNM,normal-ci,1,2020-3-19,16.337415686599194,0.8150764508888992,-2.15180473878256,0.03772445381753231,,,4.6025097522851395,1.0256146655700595,-1.452713123581924,1.0123286659857225,1.4401891657577726,
412,VNM,normal,1,2020-3-19,18.331757102639706,0.8150764508888992,-2.15180473878256,0.03161852168794697,,,3.7264664047555547,0.9330401558097674,-1.5608459705991027,0.7960629719513652,1.4401891657577726,
413,VNM,normal+ci,1,2020-3-19,20.64857851813094,0.8150764508888992,-2.15180473878256,0.025512589558361623,,,5.101334364209354,0.8972086780523479,-1.7236354760844974,0.4704839609805757,1.4401891657577726,
414,XKO,normal-ci,1,2020-3-12,5.132579034799447,0.3740173340057871,-2.3502820858871445,0.13503960774997728,,,14.32527574794714,0.5977532991841683,-1.7720250200314258,0.8784420902734221,0.8786844706704494,
415,XKO,normal,1,2020-3-12,6.1425353774392395,0.3740173340057871,-2.3502820858871445,0.11280525040323729,,,14.108854991895276,0.6638018274142717,-1.7725319325049895,0.8774282653262944,0.8786844706704494,
416,XKO,normal+ci,1,2020-3-12,7.639538051335082,0.3740173340057871,-2.3502820858871445,0.09057089305649729,,,14.542013005218404,0.762914951519206,-1.7751591505726212,0.8721738291910316,0.8786844706704494,
417,YEM,normal-ci,3,2020-3-18,34.0,,,,0.026595070694589065,-0.8018091817666542,15.240553422582892,0.6210944794657552,0.5982957850402095,2.281280757184315,,
418,YEM,normal,3,2020-3-18,34.0,,,,0.024461583540914027,-0.8018091817666542,14.752904370089903,0.5141164131706638,0.4632847952544925,2.011258777612881,,
419,YEM,normal+ci,3,2020-3-18,34.0,,,,0.02232809638723899,-0.8018091817666542,15.240553422337301,0.43774953690923624,0.3282738054687752,1.7412367980414463,,
420,ZAF,normal-ci,1,2020-3-24,6.180118067191202,1.1747101397600266,-3.8195028235061175,0.11200163674636161,,,9.306311805928791,0.7589154907437785,-0.9643526932461539,2.2917948435223496,2.2980807528406486,
421,ZAF,normal,1,2020-3-24,6.822973168688266,1.1747101397600266,-3.8195028235061175,0.10131632167494806,,,8.983148073128127,0.7918971780404337,-0.9673058607994727,2.285888508415712,2.2980807528406486,
422,ZAF,normal+ci,1,2020-3-24,7.608057635280687,1.1747101397600266,-3.8195028235061175,0.0906310066035345,,,9.42818692682974,0.833366028907433,-0.9730338690819081,2.2744324918508414,2.2980807528406486,
423,ZMB,normal-ci,1,2020-3-25,14.510228633880615,2.5811029292484755,-4.500891578691886,0.04291669002084012,,,36.164370259018376,0.9449254600221161,1.4858309340325018,6.678741557426747,7.496062174671743,
424,ZMB,normal,1,2020-3-25,17.092094838619232,2.5811029292484755,-4.500891578691886,0.03337300567309105,,,29.108948183118716,0.8100344663974206,1.1630265041725656,6.033132697706874,7.496062174671743,
425,ZMB,normal+ci,1,2020-3-25,20.273555374786568,2.5811029292484755,-4.500891578691886,0.023829321325341983,,,42.68344726581964,0.796001453746328,0.5852359703564045,4.877551630074552,7.496062174671743,
