iso3,country,continent,min_senti_bert,drop_senti_bert,averageN,Quality,HalfLife,mType,model,r-squared,sd_position_half,sd_position_525,sd_position_final,sse,u,v,gama,a,b
AFG,Afghanistan,Asia,3/13/2020,3/10/2020,448.2565789,1,4.307937638,1,normal,0.530659641,-1.381698235,1.202479251,1.202520207,11.32949941,0.321366652,-2.068654794,0.160898164,,
AGO,Angola,Africa,3/23/2020,3/11/2020,817.0131579,1,8.232004711,1,normal,0.864917967,-1.175383014,2.366321557,2.403119703,3.774892215,0.749273832,-2.467579795,0.083575312,,
ALB,Albania,Europe,3/25/2020,3/7/2020,288.1381579,0,1.615676549,1,normal,0.167487052,0.022071991,0.477904093,0.477904093,3.306853238,0.181758323,-0.672536313,0.42901358,,
ARE,United Arab Emirates,Asia,3/15/2020,3/7/2020,17878.04605,0,24.96187734,1,normal,0.85399463,-1.689644335,1.106332191,3.309979469,12.89049276,2.558267678,-4.873227308,0.017795009,,
ARG,Argentina,South America,3/16/2020,3/10/2020,104898.3026,1,16.80784184,1,normal,0.97987991,-2.098398255,2.508764434,3.261246685,5.506462448,2.859357395,-7.893077304,0.036909117,,
AUS,Australia,Oceania,3/15/2020,3/1/2020,25690.21711,1,13.34196662,1,normal,0.800751033,-1.015030117,1.726654218,1.891210888,5.888815629,1.328801886,-4.15061199,0.049799839,,
AUT,Austria,Europe,3/14/2020,3/8/2020,2763.368421,1,8.335538051,1,normal,0.922762303,-3.503582807,-0.55589176,-0.540720077,10.58550247,0.259101379,-3.487803557,0.082848112,,
AZE,Azerbaijan,Europe,4/1/2020,3/9/2020,1230.565789,0,18.55559471,1,normal,0.762128486,-0.541385264,0.950127691,2.007055282,5.991707093,1.275441236,-2.267038864,0.02483087,,
BEL,Belgium,Europe,3/13/2020,2/26/2020,8369.210526,1,12.48379609,1,normal,1.0269943,-1.621459829,1.749211825,1.882827154,11.48089732,1.228869659,-4.499859525,0.053981862,,
BEN,Benin,Africa,3/3/2020,3/11/2020,352.2894737,0,31.85577103,1,normal,0.838583707,0.886853736,4.446136438,8.828665727,15.1797767,3.332187707,-4.771011586,0.011624292,,
BGD,Bangladesh,Asia,3/22/2020,3/11/2020,2331.815789,0,3.239046116,1,normal,0.266131985,-1.998982242,-1.542917011,-1.542915983,2.293727477,-0.41893343,-0.618601699,0.21399697,,
BGR,Bulgaria,Europe,3/12/2020,3/7/2020,748.9144737,1,3.790955791,1,normal,0.553429543,-2.861880084,-0.659591333,-0.659585475,6.54755897,-0.004727225,-2.130187361,0.182841977,,
BHR,Bahrain,Asia,3/13/2020,3/6/2020,5066.736842,0,36.5,3,normal,0.83932064,2.850566262,7.743902085,,23.93377503,,,,0.054112453,-1.419932371
BIH,Bosnia and Herzegovina,Europe,3/21/2020,3/8/2020,1619.625,1,8.635048344,1,normal,0.778622362,-2.459111263,-0.357033529,-0.333123222,7.198603459,0.281402842,-2.435571915,0.079618312,,
BLR,Belarus,Europe,3/17/2020,3/10/2020,1555.065789,1,20.68840998,1,normal,1.047453846,-1.042457738,0.968945175,1.762754181,4.137936947,1.082913877,-2.735803233,0.026130199,,
BOL,Bolivia,South America,3/13/2020,3/10/2020,1385.440789,1,11.7964188,1,normal,0.846158923,-2.500400555,-0.420001131,-0.356466768,16.66456152,0.366162178,-3.419441927,0.057493641,,
BRA,Brazil,South America,3/15/2020,3/11/2020,678970.4803,1,14.34917742,1,normal,1.101834613,-0.199892766,2.490450838,2.709875504,64.40193417,2.301439088,-6.079409942,0.045627224,,
BRB,Barbados,North America,4/2/2020,3/10/2020,1477.046053,0,1.122391905,1,normal,0.018265421,-3.092114728,-2.719809801,-2.719809801,4.784838871,-0.438973143,-0.260338307,0.617562526,,
BRN,Brunei Darussalam,Asia,3/13/2020,3/8/2020,383.0197368,1,4.587968321,1,normal,0.37991901,-0.368099362,1.014178445,1.014223319,10.53863251,0.376515325,-1.504164996,0.151075792,,
BWA,Botswana,Africa,3/25/2020,3/14/2020,3500.532895,1,12.0791269,1,normal,1.064810044,0.075823967,2.875094921,3.084808146,5.350040219,1.369249738,-3.11728198,0.054447451,,
CAN,Canada,North America,3/14/2020,3/8/2020,54848.81579,1,6.385012661,1,normal,0.966831073,-1.361132944,0.663420641,0.665061161,4.895644009,0.523197899,-3.09188198,0.10849505,,
CHE,Switzerland,Europe,3/15/2020,2/23/2020,4273.559211,1,8.937398041,1,normal,0.886165155,-3.918080535,-1.459306564,-1.438576445,5.3363626,0.109091113,-2.950926853,0.077087103,,
CHL,Chile,South America,3/18/2020,3/11/2020,31548.21711,1,7.344961599,1,normal,0.753107277,-3.435715908,-0.37164929,-0.361468956,14.23086059,0.45101049,-4.664444091,0.094144817,,
CHN,China,Asia,1/29/2020,1/20/2020,295819.2171,1,14.65749618,1,normal,0.775435687,-0.463719974,1.064828281,1.07736893,14.26998201,0.810450178,-3.797916219,0.047011448,,
CIV,"Cote d'Ivoire, Republic of",Africa,3/16/2020,3/10/2020,2050.934211,0,27.34934613,1,normal,0.848720363,0.239498899,2.335604891,5.190809489,4.611928725,3.305623331,-4.672110187,0.012907394,,
CMR,Cameroon,Africa,3/20/2020,3/11/2020,3068.394737,1,21.40161703,1,normal,0.939509736,-0.72949606,2.333944042,4.01248839,10.70194071,2.133446701,-4.076242667,0.023286242,,
COD,Democratic Republic of the Congo,Africa,3/20/2020,3/9/2020,1116.348684,1,19.42661784,1,normal,0.686444561,-0.111028798,1.550520899,2.158757791,12.37482653,1.42202608,-2.792203624,0.028275307,,
COL,Colombia,South America,3/16/2020,3/8/2020,48681.90132,1,11.06583004,1,normal,0.98674378,-3.015288868,-0.529989996,-0.461576141,6.276017335,0.576650213,-5.452722575,0.061419855,,
CRI,Costa Rica,North America,3/11/2020,3/5/2020,3712.230263,0,29.37394702,1,normal,0.853244987,-1.151581093,0.239174229,2.160464637,14.89879654,2.269846024,-3.955486373,0.011935483,,
CUB,Cuba,North America,3/20/2020,3/9/2020,915.6315789,1,24.48992242,1,normal,0.824674306,-2.121376106,1.040719067,4.291289791,6.539112908,2.253560661,-4.104896375,0.016368182,,
CYP,Cyprus,Europe,3/12/2020,3/8/2020,1498.519737,1,11.30713899,1,normal,0.835976735,-0.611429267,2.020740939,2.082247696,14.05047779,0.958014626,-3.168625349,0.060286217,,
CZE,Czech Republic,Europe,3/13/2020,3/7/2020,2400.453947,1,3.865056852,1,normal,0.366128747,-3.612924749,-1.782745721,-1.782738171,18.122818,-0.221507378,-1.940066466,0.179336332,,
DEU,Germany,Europe,3/14/2020,2/25/2020,27409.25658,1,11.75587381,1,normal,0.992279302,-4.355955142,0.170900951,0.316003026,11.68633263,0.960273313,-4.847978274,0.05763045,,
DNK,Denmark,Europe,3/12/2020,3/4/2020,2310.453947,1,7.919498908,1,normal,0.909568866,-2.946321268,-0.919412617,-0.913073308,2.890961049,0.031001303,-2.42760362,0.087327123,,
DOM,Dominican Republic,North America,3/21/2020,3/8/2020,8684.940789,1,15.96401639,1,normal,0.969421238,-2.630992963,-0.825908804,-0.503599224,4.400368369,0.315379993,-2.137585411,0.038484808,,
DZA,Algeria,Africa,3/20/2020,3/9/2020,1734.940789,1,8.900847859,1,normal,0.80596988,-0.520808588,2.849645453,2.891229662,11.36466483,1.074965411,-3.262721175,0.077187567,,
ECU,Ecuador,South America,3/17/2020,3/8/2020,8271.394737,1,15.76164773,1,normal,0.734327736,-4.437938366,-2.823549409,-2.607184933,11.75285394,-0.404162561,-2.970336568,0.040112408,,
EGY,Egypt,Africa,3/14/2020,3/7/2020,33163.67763,0,9.184371826,1,normal,0.207534114,-2.480511717,-0.793924165,-0.778596429,55.7629382,0.061562049,-1.851321201,0.074978882,,
ESP,Spain,Europe,3/13/2020,3/8/2020,98868.53289,1,6.330838457,1,normal,1.026712147,-7.568846051,-3.601720981,-3.599028096,3.518277481,-0.435297387,-3.679571224,0.109433838,,
EST,Estonia,Europe,3/20/2020,3/10/2020,272.875,0,12.3833773,1,normal,0.63828687,-0.774871379,1.138026161,1.252085659,12.43116257,0.51082479,-1.651448933,0.053669377,,
ETH,Ethiopia,Africa,3/14/2020,3/11/2020,354.7368421,1,17.26766064,1,normal,0.770921034,-0.47095995,2.547281573,3.037953237,6.771017692,1.225308186,-2.856135502,0.035943767,,
FIN,Finland,Europe,3/13/2020,3/8/2020,3165.927632,1,3.187482626,1,normal,0.321457172,-3.910631123,-2.395222633,-2.395222247,12.93086907,-0.488488963,-1.666678668,0.217459084,,
FRA,France,Europe,3/14/2020,3/8/2020,59501.875,1,14.16751909,1,normal,1.096506955,-2.580559154,0.589541647,0.82083424,10.04119481,0.921844076,-4.170241412,0.046483513,,
GBR,United Kingdom,Europe,3/15/2020,3/2/2020,196267.6118,1,6.375377353,1,normal,0.601243321,-2.538141836,1.596112887,1.59980547,18.76391798,0.600541786,-3.288749875,0.108652533,,
GEO,Georgia,Europe,3/13/2020,3/9/2020,333.6118421,0,34.53234529,1,normal,0.965501681,0.352496332,4.187429833,35.99052324,3.948115096,13.99424412,-15.41561257,0.002959621,,
GEO,Georgia,Asia,3/13/2020,3/9/2020,333.6118421,0,34.53234529,1,normal,0.965501681,0.352496332,4.187429833,35.99052324,3.948115096,13.99424412,-15.41561257,0.002959621,,
GHA,Ghana,Africa,3/15/2020,3/10/2020,14196.50658,1,26.28375269,1,normal,0.995039818,-0.091602544,4.044709133,8.245923855,2.900074804,4.646888245,-7.313625432,0.015327603,,
GMB,Gambia,Africa,3/16/2020,3/10/2020,237.7302632,1,4.964617853,1,normal,0.496456501,-0.405657052,1.000619423,1.000779754,5.865452292,0.393090562,-1.518531677,0.139605948,,
GRC,Greece,Europe,3/28/2020,3/5/2020,2395.203947,0,6.875776162,1,normal,0.338862866,-1.928327643,-0.966787555,-0.961075305,12.80106409,-0.103098482,-1.383826773,0.100379939,,
GTM,Guatemala,North America,3/16/2020,3/9/2020,5004.940789,1,5.181130926,1,normal,0.817970562,-3.91836669,-1.487597621,-1.487180531,9.544299761,-0.177199852,-3.327234997,0.133766432,,
GUM,Guam,Oceania,3/20/2020,3/11/2020,276.9078947,1,5.661475281,1,normal,0.564392497,-2.394992343,-1.587529951,-1.587028151,3.178566575,-0.361714242,-0.973395088,0.122377395,,
HKG,NA,NA,3/18/2020,2/22/2020,1614.730263,0,9.454692727,1,normal,0.905253916,-0.762388832,0.674826663,0.695673153,3.809018051,0.548321155,-2.506365779,0.072553686,,
HND,Honduras,North America,3/15/2020,3/10/2020,3574.973684,1,19.55892925,1,normal,1.06716364,-3.486376514,-0.076594461,0.880775516,15.18973113,1.387487858,-4.862813471,0.029503205,,
HUN,Hungary,Europe,3/10/2020,3/7/2020,1137.092105,1,9.242855316,1,normal,0.601360748,-1.839575847,0.637821833,0.654944099,19.65698108,0.526901278,-2.724829646,0.074620805,,
IDN,Indonesia,Asia,3/18/2020,3/11/2020,155041.3355,1,13.49164923,1,normal,0.917239248,-1.239083042,2.088945682,2.340320928,10.53921773,1.383049683,-4.098569051,0.048726566,,
IMN,Isle of Man,Europe,3/16/2020,3/10/2020,284.1052632,0,2.759043211,1,normal,0.358330578,-0.931487415,0.797849577,0.797849657,9.927208689,0.327750666,-1.75991916,0.251227366,,
IND,India,Asia,3/26/2020,3/10/2020,144943.0197,1,1.864629991,1,normal,0.092474671,-3.278466426,-2.358964712,-2.358964712,23.67714666,-0.653329001,-1.206440547,0.371734437,,
IRL,Ireland,Europe,3/12/2020,2/25/2020,14840.57237,1,2.83380705,1,normal,0.746790282,-1.116094015,2.414612013,2.414612111,4.192711896,0.526662271,-2.931446432,0.244599281,,
IRN,Iran,Asia,2/22/2020,2/18/2020,6343.973684,1,6.839887948,1,normal,0.389833666,0.170840441,0.831619826,0.831726628,10.16160296,0.356282621,-1.208925199,0.101327153,,
IRQ,Iraq,Asia,2/28/2020,2/19/2020,7028.164474,1,3.793277476,1,normal,0.157566181,0.405781515,0.982117345,0.982117489,9.424303576,0.262982511,-0.795878263,0.182730386,,
ISL,Iceland,Europe,4/4/2020,2/26/2020,1120.769737,1,3.831583233,1,normal,0.460459425,-4.495873588,-2.678311296,-2.677952957,14.03103369,-0.386652198,-2.196447868,0.180877871,,
ISR,Israel,Asia,3/17/2020,3/3/2020,6421.203947,1,1.17837012,1,normal,0.049016057,0.908154071,1.465851366,1.465851366,13.87383116,0.378411296,-0.728739985,0.588225371,,
ITA,Italy,Europe,3/10/2020,2/20/2020,33028.875,1,21.14882541,1,normal,0.993200595,-2.654762243,-0.343177866,0.332412298,4.702497667,1.055523483,-3.252688097,0.027100543,,
JAM,Jamaica,North America,3/13/2020,3/9/2020,5369.236842,0,1.94592296,1,normal,0.193039579,-1.795732793,-0.065446144,-0.065446144,24.85515906,0.105328213,-1.884182693,0.356204842,,
JOR,Jordan,Asia,3/13/2020,3/9/2020,3690.598684,0,14.01335325,1,normal,0.599567404,-1.246904563,0.820128948,0.956000781,29.95342472,0.797823323,-2.854853581,0.047227983,,
JPN,Japan,Asia,3/30/2020,2/23/2020,216287.6513,1,15.71274354,1,normal,0.915186097,-4.092802326,0.716942348,2.169695244,1.883995858,1.244932519,-3.482899116,0.036267517,,
KAZ,Kazakhstan,Asia,3/17/2020,3/11/2020,706.2828947,1,22.87260544,1,normal,0.98632205,-1.983086037,3.138419828,6.227050446,9.48490424,2.916868159,-5.806819994,0.021194384,,
KEN,Kenya,Africa,3/25/2020,3/10/2020,13214.84868,1,10.5994825,1,normal,0.893624162,-0.721196511,4.168173363,4.37642542,6.709712894,2.111833455,-5.440345536,0.06344737,,
KGZ,Kyrgyzstan,Asia,3/19/2020,3/10/2020,457.1315789,0,22.46796756,1,normal,0.536109625,-2.121234783,-0.349155208,0.775663252,18.31350513,1.190158332,-2.939590052,0.021243559,,
KHM,Cambodia,Asia,3/18/2020,3/11/2020,544.4671053,1,7.513887071,1,normal,0.519155694,-1.065431033,1.112744709,1.121123881,19.14831191,0.572750556,-2.588018555,0.091993567,,
KOR,Korea,Asia,3/16/2020,2/18/2020,10305.51974,1,13.02831066,1,normal,0.673804893,-2.259635636,-1.157949944,-1.094500968,3.350954171,0.068428335,-1.066901417,0.051084248,,
KWT,Kuwait,Asia,2/27/2020,2/24/2020,18170.32237,1,15.09665013,1,normal,0.830631487,-1.543210539,4.395864209,4.634682563,30.69370133,0.897453721,-2.984561393,0.044621123,,
LBN,Lebanon,Asia,3/12/2020,3/5/2020,4784.565789,1,9.193866266,1,normal,0.545076623,0.81452308,3.052335221,3.069841694,22.81643964,1.272506754,-2.985251649,0.074969382,,
LBY,Libya,Africa,3/23/2020,3/10/2020,4846.914474,1,7.517270262,1,normal,0.453503089,-0.07109025,1.320804129,1.329400605,13.46470579,0.640664326,-1.763587938,0.091798398,,
LCA,Saint Lucia,North America,3/31/2020,3/9/2020,630.9671053,0,3.610377444,1,normal,0.479170989,-2.982626852,-1.525890885,-1.525815246,2.844739713,-0.16168299,-1.1261668,0.191980265,,
LKA,Sri Lanka,Asia,3/14/2020,3/9/2020,2229.493421,1,9.042801002,1,normal,0.539311053,-1.370741721,0.944814466,0.964087445,18.73325705,0.525546613,-2.497456695,0.076194462,,
LSO,Lesotho,Africa,3/14/2020,3/9/2020,655.1973684,1,9.261386109,1,normal,0.739595643,-0.925161964,2.378600742,2.410063213,5.293212507,0.777406729,-2.840169184,0.074332213,,
LUX,Luxembourg,Europe,3/20/2020,3/8/2020,330.3289474,1,11.7022546,1,normal,0.860293597,-1.811103482,0.338144436,0.438299993,4.026196357,0.458990343,-2.199302471,0.057308011,,
LVA,Latvia,Europe,3/15/2020,3/7/2020,845.4671053,0,2.384775584,1,normal,0.17409179,-1.028349942,-0.05269357,-0.052693568,10.90237116,0.035708941,-1.092805782,0.290655097,,
MAC,Macao,Asia,2/6/2020,1/20/2020,208.5065789,0,54.5,3,normal,0.890111132,-3.373672723,13.46327578,,31.52791574,,,,0.024115371,-1.330668348
MAR,Morocco,Africa,3/15/2020,3/9/2020,1393.980263,1,8.437719519,1,normal,0.802815603,-1.12689907,0.792385855,0.803957575,6.854402249,0.586205932,-2.840086063,0.081792972,,
MEX,Mexico,North America,3/17/2020,3/10/2020,79606.00658,1,18.11468511,1,normal,1.038200172,-2.990467615,-0.013314787,0.67779895,5.305194977,1.319552143,-4.592645263,0.032802589,,
MKD,Macedonia,Europe,3/12/2020,3/8/2020,556.1578947,0,14.6245414,1,normal,0.496161118,-2.0230947,-0.285990602,-0.156919455,10.71780297,0.257024342,-1.511422188,0.044989674,,
MLI,Mali,Africa,3/21/2020,3/13/2020,348.2828947,0,32.5,3,normal,0.485774109,-0.072275843,1.065811203,,7.828162478,,,,0.018773234,-0.593754622
MMR,Myanmar,Asia,3/15/2020,3/11/2020,577.8355263,0,35.5,3,normal,0.913595933,-0.804396097,1.658965482,,14.1768075,,,,0.035806509,-1.558830562
MNE,Montenegro,Europe,3/8/2020,2/23/2020,801.2828947,0,39,3,normal,0.707535634,0.192301685,1.204898578,,5.209715904,,,,0.020885823,-0.813937895
MNG,Mongolia,Asia,1/29/2020,1/21/2020,1893.401316,1,5.158597885,1,normal,0.673111536,-3.359999559,0.26249886,0.262499938,19.05788315,0.377950627,-3.534466722,0.134367331,,
MOZ,Mozambique,Africa,3/13/2020,3/9/2020,1042.388158,0,20.74142107,1,normal,0.766557518,0.017773291,1.974744668,2.59621156,5.971443565,1.191883696,-2.339848818,0.027227234,,
MTQ,Martinique,North America,3/13/2020,3/11/2020,578.2828947,0,2.917116604,1,normal,0.149112254,-0.340988642,1.070567844,1.070567927,24.02397281,0.30549225,-1.353090182,0.237613797,,
MUS,Mauritius,Africa,3/16/2020,3/14/2020,348.4671053,0,8.127602664,1,normal,0.45788168,-0.262215059,0.988095444,0.99464611,13.0564123,0.55146324,-1.75078682,0.084962054,,
MWI,Malawi,Africa,3/14/2020,3/11/2020,1504.776316,0,20.80636383,1,normal,0.872093807,0.811294498,3.367212247,4.235876066,6.059723489,1.611729325,-2.889173103,0.026795877,,
MYS,Malaysia,Asia,3/18/2020,3/11/2020,59793.21053,1,10.71557887,1,normal,0.814912451,-1.427484781,2.674990955,2.786224616,30.1269676,1.220022226,-4.235802744,0.063445969,,
NAM,Namibia,Africa,3/15/2020,3/9/2020,2755.013158,1,20.7631034,1,normal,1.039290512,-1.052695703,2.979550509,4.417346092,14.1557734,2.303101336,-5.025730859,0.026597486,,
NGA,Nigeria,Africa,3/22/2020,3/15/2020,75325.13816,0,30.4561224,1,normal,0.989515059,-0.01826852,4.969153468,51.74925154,13.2608874,29.11688088,-31.87915061,0.003020076,,
NIC,Nicaragua,North America,3/21/2020,3/9/2020,2276.697368,1,2.605697401,1,normal,0.164880122,-2.512522104,-1.739746517,-1.739746469,6.177411699,-0.324571041,-0.768199741,0.266012143,,
NLD,Netherlands,Europe,3/13/2020,3/7/2020,20414.46053,1,3.597320584,1,normal,0.644194055,-3.011588578,-0.437623248,-0.43761924,10.16929442,0.139873089,-3.450879643,0.192684079,,
NOR,Norway,Europe,3/13/2020,3/8/2020,2247.5,1,6.790811492,1,normal,0.827889144,-2.296133323,1.25083053,1.254978637,9.617289687,0.626517809,-3.575481831,0.101985301,,
NPL,Nepal,Asia,3/22/2020,3/9/2020,2956.355263,1,3.261914407,1,normal,0.232787356,-3.380078512,-1.554684814,-1.554680284,24.67900755,-0.193750786,-1.854289484,0.212496667,,
NZL,New Zealand,Oceania,3/16/2020,3/11/2020,2961.967105,1,9.847015551,1,normal,0.797794641,-4.019345981,-1.21796148,-1.174778501,6.112214289,0.116945993,-2.886020289,0.069617824,,
OMN,Oman,Asia,3/6/2020,2/29/2020,7995.717105,1,35.29817815,1,normal,0.644856927,-0.111078889,3.336240389,14.68875472,33.90483802,6.300029737,-7.794489508,0.005932123,,
PAK,Pakistan,Asia,3/19/2020,3/11/2020,17725.67105,1,6.36999958,1,normal,0.404651608,-3.878524399,-1.098424262,-1.094602394,49.42090585,0.19783389,-3.520596589,0.108706526,,
PAN,Panama,North America,3/12/2020,3/8/2020,9049.598684,1,10.97893453,1,normal,0.815193567,-3.425416366,-0.777137763,-0.723619803,14.93586454,0.235935586,-3.272225572,0.062227684,,
PER,Peru,South America,3/15/2020,3/5/2020,11871.69079,1,12.24571173,1,normal,0.937182586,-2.925986801,-1.412741518,-1.350404066,3.253208676,-0.032430245,-2.746486621,0.054971614,,
PHL,Philippines,Asia,3/12/2020,3/8/2020,147518.3947,0,2.722521083,1,normal,0.404580724,-0.111652331,1.326153991,1.32615401,10.60578962,0.488611791,-1.958086408,0.254597541,,
POL,Poland,Europe,3/12/2020,3/8/2020,8744.703947,1,7.397083422,1,normal,0.796104858,-4.739439071,-2.351654319,-2.346952817,11.76035698,-0.354987752,-2.735619899,0.093572575,,
PRI,Puerto Rico,North America,3/14/2020,3/8/2020,7715.723684,1,13.97386271,1,normal,0.964130011,-0.491979993,0.570893623,0.644079098,4.666047865,0.429898162,-1.548031397,0.047260145,,
PRT,Portugal,Europe,3/12/2020,3/7/2020,17383.99342,1,8.349757156,1,normal,0.871953156,-2.039938123,2.277791439,2.296748506,19.73996537,1.234583304,-5.161925539,0.082752003,,
PRY,Paraguay,South America,3/13/2020,3/9/2020,10778.69737,1,22.06048397,1,normal,0.86245134,-1.309082453,1.094691256,2.074395509,15.8109938,2.150840626,-4.901588793,0.024330987,,
QAT,Qatar,Asia,3/13/2020,3/7/2020,4174.210526,0,36.5,3,normal,0.863518824,0.590904545,4.140353071,,8.234760232,,,,0.038151095,-1.237847792
ROU,Romania,Europe,3/11/2020,3/4/2020,839.4013158,1,18.32122704,1,normal,0.989242975,-1.795612924,1.395802293,1.953700321,14.42157532,0.998360699,-3.027009376,0.033613144,,
RUS,Russia,Europe,3/17/2020,3/10/2020,22846.72368,1,28.68353488,1,normal,1.044286784,-1.685221661,1.090023308,6.703731897,3.953649046,5.756747172,-8.699724586,0.009963776,,
RWA,Rwanda,Africa,3/15/2020,3/8/2020,922.6578947,1,11.25042723,1,normal,0.880586087,-1.828853525,0.428729093,0.491576138,7.884211421,0.49574908,-2.529451744,0.060398821,,
SAU,Saudi Arabia,Asia,3/24/2020,3/1/2020,80597.75658,0,31,3,normal,0.785462541,0.303456166,2.666351481,,12.56053765,,,,0.039700289,-1.00582371
SDN,Sudan,Africa,3/12/2020,3/11/2020,2796.315789,1,10.1820042,1,normal,0.813640665,-0.669245935,1.48842783,1.518050893,12.13427132,0.911452493,-3.219390892,0.067408392,,
SEN,Senegal,Africa,3/22/2020,3/10/2020,2704.532895,0,3.576785453,1,normal,0.362044184,-0.726449542,-0.029885339,-0.029879615,3.390061466,0.071293479,-0.83968109,0.19378939,,
SGP,Singapore,Asia,4/4/2020,3/1/2020,3970.703947,1,16.10044081,1,normal,0.980814775,-0.732379766,1.346897834,2.36321208,6.348514436,1.890210518,-3.524780334,0.031914343,,
SLE,Sierra Leone,Africa,3/13/2020,3/10/2020,745.0789474,0,25.17270844,1,normal,1.139648831,-0.08164951,2.493770941,4.348455496,9.703261468,2.325363472,-3.985062065,0.018205268,,
SLV,El Salvador,North America,3/31/2020,3/8/2020,3556.368421,0,1.28710568,1,normal,0.114725297,-4.559006965,-3.385836484,-3.385836484,23.58958484,-0.84033927,-1.499276291,0.538531677,,
SOM,Somalia,Africa,3/21/2020,3/9/2020,299.8289474,0,1.89068214,1,normal,0.22043949,-1.335093695,0.032382894,0.032382895,15.34681773,0.11225216,-1.626590074,0.366612222,,
SRB,Serbia,Europe,3/14/2020,3/5/2020,4217.546053,1,9.719012163,1,normal,0.772302884,-4.249825811,-1.150183787,-1.111750294,14.300577,0.224418903,-4.391105915,0.070686671,,
SVK,Slovakia,Europe,3/14/2020,3/8/2020,376.0197368,1,23.89466839,1,normal,0.896032374,-1.55280415,1.779094708,3.798716996,15.24670461,2.729609143,-5.672358134,0.020257013,,
SVN,Slovenia,Europe,3/19/2020,3/6/2020,723.8881579,0,1.165574341,1,normal,0.075905967,-1.757694357,-1.268079899,-1.268079899,4.298623105,-0.308616539,-0.51437826,0.594682944,,
SWE,Sweden,Europe,3/13/2020,3/1/2020,6103.953947,1,8.421583191,1,normal,0.848171169,-3.877247887,0.477611071,0.499546827,9.864299539,0.515763326,-3.703053201,0.08200811,,
SWZ,Swaziland,Africa,3/15/2020,3/9/2020,616.5723684,1,22.16423457,1,normal,0.826673201,-0.257952094,0.892783328,1.429334404,5.332044878,0.78931814,-1.724373062,0.023460575,,
SYR,Syria,Asia,3/1/2020,3/10/2020,500.5921053,0,32.27833451,1,normal,1.014872572,-0.05543883,1.683570484,3.703649525,15.34412949,1.938691441,-3.130488027,0.011779594,,
THA,Thailand,Asia,2/27/2020,2/24/2020,40895.88816,0,44,3,normal,1.100996262,1.576168986,4.527482013,,14.81984495,,,,0.034516321,-1.329565499
TTO,Trinidad and Tobago,North America,3/14/2020,3/10/2020,2307.348684,1,7.380622737,1,normal,0.729375222,-2.055332042,-0.627575536,-0.624229596,4.435071543,0.029636669,-1.456957287,0.093755976,,
TUN,Tunisia,Africa,3/12/2020,3/8/2020,686.8552632,1,11.25541595,1,normal,0.496827517,-0.960413236,0.427365367,0.459075675,16.59307327,0.493787459,-1.971648356,0.060585474,,
TUR,Turkey,Asia,3/25/2020,3/9/2020,81399.50658,1,28.98028076,1,normal,0.707623869,0.354598814,2.189552937,18.79840158,14.70016777,12.54725906,-13.64643496,0.003272759,,
TWN,"Taiwan, Province of China",Asia,3/16/2020,2/23/2020,4578.098684,0,8.353751296,1,normal,0.34069001,-1.082421302,-0.349277155,-0.344745218,13.13001787,0.199881837,-1.378207009,0.082606085,,
TZA,Tanzania,Africa,3/15/2020,3/10/2020,5035.631579,1,14.2110978,1,normal,0.750303866,0.449747028,2.359471835,2.509097735,9.06276468,1.311623924,-2.912899894,0.046171131,,
UGA,Uganda,Africa,3/24/2020,3/11/2020,6857.592105,1,8.834411937,1,normal,0.892295552,-3.47558865,1.191658138,1.268538962,9.4851247,0.992718295,-4.925131858,0.077538997,,
UKR,Ukraine,Europe,3/16/2020,3/10/2020,5885.822368,1,14.49125257,1,normal,0.9318768,-1.016206673,1.307838561,1.517144616,3.16383604,0.723926822,-2.262103498,0.044920862,,
URY,Uruguay,South America,3/15/2020,3/10/2020,13961.80921,1,15.17230025,1,normal,0.983482378,-1.213124087,2.353775944,2.719447779,12.1321108,2.047819693,-5.722700529,0.042547205,,
USA,United States,North America,3/14/2020,3/5/2020,1001282.441,1,8.872178348,1,normal,1.024875037,-2.867251358,0.119397936,0.141680754,2.876696047,0.407084827,-3.002172321,0.077707808,,
UZB,Uzbekistan,Asia,3/15/2020,3/11/2020,490.7171053,1,12.2161143,1,normal,0.685622734,-1.876458708,1.044590854,1.163618128,9.593661134,0.500535982,-2.158859355,0.055122001,,
VEN,Venezuela,South America,3/17/2020,3/11/2020,13280.82237,1,9.224120666,1,normal,0.687154099,-3.670608776,-2.136570697,-2.118518039,9.869773776,-0.463808391,-2.113745101,0.074512751,,
VIR,"Virgin Islands, U.S.",North America,4/14/2020,3/10/2020,420.9013158,1,5.928562216,1,normal,0.473197636,-2.259884715,-0.946577538,-0.923257726,7.699244672,0.044651547,-1.568923599,0.115438702,,
VNM,Viet Nam,Asia,3/19/2020,2/22/2020,1755.592105,1,18.33175722,1,normal,0.933040161,-1.560845965,0.796062982,1.440189193,3.726466404,0.815076462,-2.151804749,0.031618521,,
XKO,NA,NA,3/12/2020,3/7/2020,765.8684211,0,6.142535371,1,normal,0.663801827,-1.772531932,0.877428266,0.878684472,14.10885499,0.374017334,-2.350282086,0.112805251,,
YEM,Yemen,Asia,3/18/2020,3/4/2020,790.8289474,0,34,3,normal,0.514116413,0.463284795,2.011258778,,14.75290437,,,,0.024461584,-0.801809182
ZAF,South Africa,Africa,3/25/2020,3/8/2020,61022.73684,1,5.752306122,1,normal,0.82574478,-1.006222461,2.207875279,2.212035269,8.485101533,1.124292576,-3.768979774,0.120386615,,
ZMB,Zambia,Africa,3/25/2020,3/10/2020,1987.302632,0,17.09209484,1,normal,0.810034473,1.163026522,6.033132731,7.496062282,29.10894818,2.581102972,-4.500891621,0.033373005,,
